id,target,feature1,feature2,feature3,feature4,feature5
66J692LOI4RJ7R3MQ,0,-0.325604511992,1.01522761882,-1.46900908629,1.3673236239,1.55319818594
V075HFWBZYEQS7D5H,0,-1.36698741615,-0.293743006191,-0.269852919049,1.0743922804,0.189869059156
Y82SB6M7SUF2GVVDS,0,1.1114900542,-1.12681204109,1.24396772956,-2.2919030042,-0.517959956611
5L3SVXYBK9YVRTE1M,0,-1.59009001016,-0.282021633029,0.643627484931,-1.54615151466,-1.13782522413
A6S5T6NVT3CFB1BKX,0,0.917769170458,0.253516526569,1.35904074706,-0.0665448723583,0.466799834384
IKCZ2AOR6ZEDQ0QRY,1,-1.13455423076,-1.94800264509,0.356740981337,0.886631103038,1.75502960727
YV1D53MWA27EZQJ07,0,-0.298422939859,-0.636198017448,0.752323693157,-1.00157339094,-0.486560529869
1S0UPWWVESGYT52X7,0,-2.52943603206,-0.339128773029,0.560368150926,0.35243492388,0.104750684196
J0F7B25B629NU2JUI,0,-0.670764732116,1.47111532769,-1.94318804015,-0.409304798822,0.918480991179
AW2YI9HBZ00Q8TL0J,0,1.92497109424,1.07186357163,-1.01927138557,0.0140889564168,-0.380321834209
LQPB6KTE5FOKRWSI3,0,0.626020079788,2.30638001276,0.514803104898,-1.42605822041,0.582827206432
WTYG9QQHINNPUZS0X,0,1.20348845996,0.804719584059,0.152072080483,-0.965736122813,-0.731698946807
V16MCUOG4OB6BBD8D,0,-1.82425976942,0.189829579186,0.679570135205,-1.25573807469,-0.661165130169
8GHTFQPH0UT92089A,0,0.716238516349,0.393854411058,-0.164811710278,0.263091641101,-2.30770681109
APKKGQ482XRWWA6SG,0,0.702806813218,0.379266473173,-0.00211593113792,-0.4864019174,-1.43933313713
K4I40J3GOYPSEHBKB,0,1.7449612624,1.19386249482,-0.0371142706047,0.185022033412,-0.948531460712
8YGWTQLBICLNHNMZ3,0,-1.263355451,1.90403097801,-0.029507457462,0.01396647479,0.0892076711449
O1B1K6GGQJM5Y8OSS,0,-1.87152245426,0.594941612065,0.542285581176,-1.00232159647,-0.323182276028
50BBC7IUP5G12KY5L,0,-2.87849635197,0.997368900961,0.270546474053,2.04119162079,-0.626551357335
L5SQBLGK0U5K0JH1B,0,-0.0796733242024,-0.491756011608,-0.0594259848853,0.0802088005833,-0.19404480009
K8QGP0QO0TFIZBRNL,0,0.339325236303,-0.20079684153,0.468477458993,0.167708270297,-0.916859166622
NRZPVDCMAHP4OPJRD,0,-1.63772778636,0.716400003524,-0.0407383685955,-0.354867943533,-1.06795006258
FYX3TOSKNFF2PXIU0,0,-0.180293768589,-0.605147667162,1.45745771777,-1.8279191735,-0.310197372998
QQVOJ584YT22KQHO0,0,-2.41722400313,0.150812336468,1.51189032531,0.980953658125,0.901491179565
7M4OBYKWRD28O8ACF,0,1.12740477252,0.615556645922,1.52615011222,-0.822542537086,0.722444129881
LAE8LGF9EFKLKC4JF,0,0.432874916767,0.972436450198,1.04090520397,-2.0316516709,0.6645824457
ECQXRTDC2PH5VYB6W,0,-1.40213622055,-0.966996428889,2.59884714935,-0.0328547327031,0.577097379276
DMABL5T5FRKYVOHU9,1,-1.40048246628,1.1894749788,-2.36157158571,0.521184691961,-1.40610176886
PDTSF081R8G14MN6W,0,-0.882020815058,0.137206975111,0.278789309502,-0.502638029665,-0.137195769617
M8NXMA4FYTG7EKNH1,0,-0.863381391792,1.01554506109,0.456378088314,0.944225716864,0.925050372698
H5PX6YPO69QZNQ0OH,0,0.814383011282,-1.58314708864,0.478464991198,-1.14132106789,1.16268208334
BU6QZOHLLUT2Q5476,0,-0.358644581765,-0.721345429445,-1.62120796265,-0.133449402996,0.844931640532
VOZEXRGSEW5YS8ST4,0,0.00246845719663,0.270445224457,-1.66001224041,0.467262099699,1.33622688764
2JA970SLE408T4P1N,0,1.21836590279,-1.4980011871,0.383329321892,-0.665795695098,1.03743444565
AGAAJICTHHBKN9TP3,0,0.355605868921,0.557073109518,0.642172735887,-0.126842836394,1.95224291718
PH9SUE0AX431G7D89,0,1.37463429754,-0.144116066127,-1.12110786277,-0.297097900768,0.931696483869
H1QSBO2YWHHKJ1KUY,0,1.35974674556,0.564257860434,-0.419633417687,0.79235327512,-1.49892320933
A44N5N8BFBOBDAAFT,0,-0.286398383378,-0.995535199383,-2.02867318278,-1.86795386444,-0.959298772529
XSVHSU7AY4O3PDLGK,0,-1.77982900871,-0.523124021471,0.124342816663,0.274149500567,2.18746839343
ZPL6NJ9OMEF319U98,0,1.16334600109,1.23795204627,-1.12939490626,0.547864257726,-0.791976842704
M5JMSVO2FVIWSAOVU,0,0.828809529302,-0.415224260287,0.909726421303,1.30130435887,-0.429571572131
6HSEGD3NGCJU1C0UC,0,1.83272885957,0.0211423597658,-2.20609862642,0.134441646929,0.126181036036
KZK2YK0G8UECXB6DV,0,0.285947616587,0.523979106782,-0.788150423498,0.790361781255,2.47401521262
XO0VG1XA5VM5TC4XE,0,0.231566570183,-0.521682784719,0.0828680745121,0.254639288761,0.745860150028
H9G5XW7R92YFLQD9U,0,1.05968231355,-0.462436253345,-0.548213323046,-1.46099956701,-0.0500017236234
Q0CHTGWDL586MUO2C,0,-0.524491557243,0.993644626794,1.26838334284,-1.08196090829,-0.210374031909
A0UAAWOKQ91I23E9U,0,0.363149454696,-1.04735900806,1.50927001628,0.68700802969,-0.3375313347
FBWTBNUG263PEUJDG,0,2.00481936314,-0.475044768673,0.142542162004,-0.549972797327,0.914464563277
0V6U52359KGB960AO,0,-0.163615184564,-0.353105598872,-0.830619072161,-0.259810928144,1.53902711834
2625WJOCDH03V330O,0,0.299637363296,-1.47613514211,-0.151625271973,0.47671265407,0.691708271819
6MZYDVKXV25B7SOXI,0,-0.753133801805,0.574123231293,-1.70008213061,-0.10469393516,-1.30808231517
MF9UUOKMU7XZZKKJK,1,0.401811883183,1.2376912393,-0.869591984776,-1.07319165573,2.40738540538
FEOJ7MV9J29IQUL6D,0,-0.878347883393,1.26912536138,-1.96479375624,0.641506951403,-0.393072971371
AKE8Q26TI2NK5CYRZ,1,1.00893809537,-2.00553880198,-0.933474064026,-0.34141421396,-1.64769850688
XY3JK7FC6AWDACHBV,0,-2.03681630575,-0.701967376396,0.782608345426,-0.684916610522,0.272477930311
CFURGCE6RDIPSMZ4P,0,0.827986231953,1.33761390869,-0.832791206607,-0.145704637806,-1.0604111693
3TSFHRZZEVH42GH96,0,0.951598719306,1.27578914138,-0.76495798477,-0.559460806155,2.47072026658
NRH4RUQVE9SCH5YNT,0,0.0879962155291,-0.0325451429562,-0.637470455064,1.07133664702,0.544472330658
93H23TMEAXHS2WMZK,0,1.28552688925,-0.712042624934,0.457319112574,-0.135570639874,-1.89799013137
IYGL16MLSISAZT5IG,0,-0.288123931081,-0.67371925832,0.238308524337,-1.25780392458,-0.092710260216
YCKE5QYEOFQ9DRX9S,0,0.812437030123,-1.35447919987,-1.57165487886,-1.34894755949,0.633678339965
WMAZNZQOD2IBBQDQ8,0,0.401138088167,-0.318287770542,-0.852724775823,0.0232772714,1.25484910172
13CGP8LH6OCYB85N2,0,-0.671604277695,-0.524385181053,-0.489962033422,-1.47564179843,0.18538416549
M7LOOGIVTV45ASLAD,0,0.77270573839,-0.438515736219,-0.0788477596913,1.68944787618,-1.2598733542
TWXF5RLLW9ZB7AJJP,0,-0.447578656115,-0.604520043888,-0.132397144111,-0.430657162546,0.437638690775
XDMEYUE884WFZJ0W5,0,-0.613865429996,-0.672406000551,0.148953048636,1.75376616475,-0.321281624215
FGZKIG0B437TSCWXD,0,-0.205898081798,0.152257189312,0.407939495776,-0.648529617968,-1.2370299522
Y9O89TWU9UJH2BSAQ,0,0.398173845633,-0.358615804396,0.123655290948,-0.522542748513,-0.165748887299
RGBRIYJG3BMB9CYD3,0,-0.630752465226,1.26994276566,-1.3952216134,0.569764848773,-0.480509572013
L5XGSX66CXHLU9ERH,0,-0.0260560793998,0.215664745975,1.02241720403,2.66716353399,-0.487539240887
J5L8R7Y2ECK4Y2AGA,0,0.475430930412,0.267500986622,-1.89889830805,-0.31884618885,0.160511851734
5HQG5WC8TH6766DXM,0,0.870196570628,-1.34574049002,0.247820546585,-1.63071890617,0.577724063329
CQZCD2H1UPWH3YNZ1,0,-0.624651494622,1.16756578634,0.00618105871125,2.3104751447,-1.09136769495
MATK4K10F6RPGJOAL,1,-0.438254323403,2.29402878594,0.161203512507,-0.532107224642,-2.00234068868
YLI7BCTWNGR0VHECI,0,-2.15336550528,1.05769751643,-1.32189314629,0.544407808556,0.431741926445
6GROKN21IT7JZHA6D,0,0.552153507187,0.61103303716,-1.21504287457,0.762698173972,0.631468262346
WQA9O9BS8KDF62I5M,1,-0.53719832709,-0.0237297795642,0.983949980446,-0.745236693363,1.54597527683
3X57Z691GA2N7YBZG,0,1.37350648289,-1.09294821622,-0.173397729148,0.755229284219,-0.937458446027
9E3GYOIPYGKA9BF2G,0,-1.10858470418,1.08731600436,0.00179126971031,-0.715321244745,-0.856587982117
WV5RH35ZDJDEQ1XHB,0,-1.27389376676,-1.17518584976,0.584210825335,-0.174064033134,0.0713335511135
5DCVS6SPFA7RORKB1,0,0.144337302779,-0.205083780548,-1.23692528268,-0.890309751118,-1.96819742058
3F1ZSWITFY7EN6R9F,0,-1.22499418949,0.757662903883,0.236072558051,-0.0374966557598,-0.790337674479
DVU5MFBPNNWPLQHW9,0,0.710889843499,-0.947952140634,0.366688630202,-0.679138874553,1.97532026282
P2Q0IWEVGJZ5LW3X1,0,-0.713375833677,-0.435908742557,0.530351576951,-1.65365337019,0.632294831472
SCMDQGBZI52V465GJ,0,1.46102091136,-2.43668210185,-0.517103901632,0.426827069761,0.693630523433
ZCSATFTBOIVUXBE10,0,-0.686652658073,0.572799618159,-0.819668081244,0.749069354583,-0.631619766587
JFWOZCEX77W8LB1X0,0,0.520421243093,-0.223879179918,-0.5118699933,1.35909765273,-0.952203192806
B82VTQDLEJT7C39H6,0,0.962620217428,-0.677933478508,0.265917292389,0.506251398601,-0.598646872954
L1CE8705Y703JU0XJ,0,-0.910764028677,-0.694427986196,0.387066134716,-1.72449538204,-0.0163715529021
D6GKXCOMSJ4GG1VCV,0,-0.295475188447,-1.26658141686,0.438588568872,-1.00105366581,-1.78954086105
L0JQ5AOL6NH05225V,0,-0.28580258557,-1.1260116946,0.375891588225,0.464725964818,0.712036023394
Z8NLF5KG8E4G85H33,0,0.408205548434,-1.38632909604,-1.04169943259,0.901768923795,-0.380699162629
NOU5LVSHHEA1JT125,0,-1.38412020671,-0.329167717426,-0.108108854212,-0.732862475103,0.926706942068
V8VL6EPD8DUVC97II,0,0.561944928719,0.466119135372,0.177247394847,0.167168809837,0.993414603628
29WLETIK9IV2DBLK0,0,1.15332764982,0.0405110566938,-2.16734661361,0.879261633078,-0.304167845348
PVCOFXJGZPGCP93TY,0,-0.802209009694,-0.0339972935146,-0.626859355954,-0.806158514805,1.27415284091
DSF7C6HHESAV9D3TP,0,0.534620188963,0.0554569303252,0.601593416114,-0.347093467096,0.4433572101
CKL375UDRWWQ6OTUM,0,-0.157589096252,0.895959628588,1.2710535667,0.5420031327,-0.0223397349657
JWVNGQQWAKL3ZR2DZ,0,1.19591473441,-0.714378058654,0.154931088526,1.21475254221,-0.332639218887
VSB576PJ7IK2VLSYH,1,1.4715213675,0.0901373044713,0.337954141181,-0.961350660082,1.66046665031
KV3U8UZLCWXG6JUP2,0,1.51510743094,0.217538693393,0.803474942584,0.225164697705,0.765767682651
D9DJBPPYK97DKZ9BV,0,-0.0725766392262,0.127913247641,-0.0136469063416,1.43869290905,0.952242644409
GT5V1XVHM6Q8K2DUW,0,0.659398157648,0.229344032647,0.796644133572,0.507247075399,-0.314124182731
AVXO1W74F3ROCV3AB,0,0.179378089295,1.32489831403,-1.00542622542,0.892504091251,-0.469366690002
QB2MWVRMM5WX5YRCL,0,2.62430245068,1.3534616725,-0.547868117669,1.25212574383,-0.84053471457
I5J5752CY9RDR0F5L,0,-0.538529040935,-1.13281494146,0.213690564313,-0.8775092721,-0.951913284243
AQOETB2P8ZYDG407V,0,-0.739376882161,-1.65813045415,-2.38861205257,-0.682984996989,0.386861594226
EZMJJZ2973ZXGCU6T,0,-1.42369977603,-0.303215727536,1.30324894981,0.313760789827,-0.217258218131
82TTB1O2ND4D31VC0,0,-0.372672393579,-0.182356264375,0.173598846765,-0.051634531309,-0.174467983228
CFK1LJ5HQU9JD28RT,0,-1.04389993843,-1.85208346252,-1.47877916675,1.21151008069,-1.27100294782
OI09LTGQJP74BLSGX,0,0.627226373703,1.08529077207,-1.07769491129,0.383030040517,-1.61960412089
ZXW7CLB4V6ZY1Q5UN,0,0.167289387481,2.26930556307,-0.159675704781,-0.689919956299,1.20018028416
3Q4ITIKCFE5CSSXL0,0,-0.74327209286,0.311190509554,-0.0132240919653,0.794177773458,-0.108450112162
WBLGBTC81PFGOBX2E,0,0.840163695968,0.118420999746,0.529185555689,-0.955086975546,1.31521303715
ZUDH70ZQZ0FWEF9Q4,0,-0.742051864764,0.828905801568,0.478663300563,0.41906655798,0.0626031059015
AB0NFFROBYFUW9U3R,1,1.29267003591,-1.8758615087,0.0902262215608,0.63473864202,0.9049029474
7K4HH0WPHDLZ62LIB,0,0.0514610348291,0.766295714055,1.67993434089,1.2740433359,0.560529288847
60CIQYK7G3F6U8OTJ,0,-1.09909465061,-1.29833055739,-0.17052893145,0.631779685359,0.702600089989
QH1AXG5BW2ZOXHRF5,0,-0.806167415666,-0.291308528734,1.77971282047,-0.435948984938,-0.0563778974877
8F019BZCE1YACN39Q,0,-2.78794384356,1.21556339095,0.500652577458,-0.66130745147,1.40983388473
AOVI6EWTE6H2VJ7YI,0,0.294543542247,-2.60888262634,-1.69906173239,0.397968265435,1.26326070674
LVZKCM7RP239T88LG,0,0.935269269889,-0.149463605442,0.596814571925,0.478560144643,-1.09907696553
Y0IXOG3L0OZJICXUD,0,-0.182128805459,-1.70189334768,0.0950844779131,2.48936362056,0.428975408424
MV2TUGP8B7ICN9VSR,0,1.78801406538,0.804478298097,1.27475150942,-1.47227140149,-1.13560113811
TH82OOL0EQ4HVNXTA,0,1.16043032441,1.23773457291,1.43526607704,0.182340351869,0.42737455138
C8OF8TOF8I8SWB85G,0,0.803348346408,0.380516638921,-0.210102213957,1.0258340239,1.11777822875
WI7BOHPFIC5FOL3OS,0,-0.08952569416,-0.724384496204,0.599248142379,-0.130222504188,0.404170417408
Q4JPMTXFEB38ZNCVS,0,1.41688007714,-1.9514640804,1.33554800562,1.52499044302,-1.32749932927
VMG2U256OHDCJPLSM,0,-2.05075367116,-0.729182797717,1.67065848607,-0.836908551073,0.202597622514
ARZKJYLEFSJT2CW33,0,-1.40430844929,0.995441666615,-0.0236202412611,0.983538157467,-1.32776536168
XP82R2CDCZ6D9Y0D6,0,0.764799265779,0.165838041709,1.24505165102,1.15594345323,0.197440911498
OHCMDZX4GAGS29QVE,0,-0.235284986703,-1.35304663019,1.10419130902,-0.352507992129,0.0289476527547
3FV7H80L3TPYO4N0U,0,-1.26965310816,-1.29821364308,-0.244673254503,0.0148178449458,-0.642177965653
MD5X2I6TL7YNWCCS5,0,0.761928786704,-0.220577618482,0.977903145157,0.50318641534,-1.09848731741
J49G4B0L473NMXIO9,0,-0.469216989846,-0.154297481895,1.47239523115,-1.73697816889,-0.484516778911
QLNLAE14WNQO51PCM,0,1.31373546765,-0.0712621809306,0.159898850663,0.309611330742,-0.101866985485
E4364LAZH8LWXXCRO,0,0.884986068486,1.8178016294,0.400584218268,1.671235872,-0.38354215511
D7M78T7PKYY3U2VLJ,0,1.04857291411,-0.850032467703,0.0703271417161,1.37494568562,1.42979853851
ODWNWOVONG4VX8U1V,0,-0.929087775245,-1.62005496678,-0.831909192043,0.626526108821,-0.493968208614
DTJOWGQBWHVQWABJG,0,-0.181991076953,0.0637098560583,0.142922096835,1.29595004505,0.135348465844
MLJDID7YTDJ8AADJO,0,0.780907590096,-1.84486371976,-0.890199878637,-0.717998468798,-0.575556723772
ZO0IQ2Q9XS4ZPZUMW,0,-1.02551498282,-0.610218489349,2.48231960124,-1.45240336133,-0.591187216051
WNGQJ07JSM00JCKC5,0,-0.0659368257404,1.64261487906,0.767076300027,3.08959149072,-1.0249669247
Z0F3RJI3F95CYTR7W,0,1.95525103513,0.53815692405,1.67214542214,-1.20286742691,0.286451994557
1PGGMWT61CAD8OW9B,0,-0.142613971323,-0.923516884868,1.00377349334,-0.263868335975,-0.621155544457
L3WGOJYU7AALNBJ5W,0,0.322402823099,0.307625211795,0.231049549768,-1.05371014552,-1.29738538413
Q9N4V1YYF5V51KLKZ,0,1.95206262043,0.228144733268,0.419617419195,-0.41055698825,0.873973493732
X1YJCMKEG8T3XSOWH,0,-0.330207101551,-0.167521850152,-0.441265358466,0.0438357575078,1.79288854902
9FP0RQ96WEBIQAR1Y,0,-0.925666825926,0.411312549761,1.39179427356,0.506828388367,-0.351603903419
MENPG0WWI7L8LTTH4,0,-1.09581849764,0.184639295822,-0.0544184208086,0.353763276711,0.312584256104
3X1QJ6Z9NJFFIOF8T,0,-0.282822823016,0.206764701146,0.47482415625,1.75720466806,0.673300681038
71FQQJZSSB3LKSOOW,0,-0.801055812974,0.863700367096,0.834072016534,1.06201191671,-0.208438176581
3ZDHWC5NXMMSCVRT3,0,0.171334503247,-1.00684125951,-0.935022726428,-0.022268220302,1.15078738305
0NVXB5FPUS9C5XMU4,0,0.391054249076,-0.760319158729,0.783315943424,-1.14619691592,1.6707750745
620PNUKZU3QDO4HKN,0,-1.14911588321,1.57892016148,-0.778197958886,-0.473345493902,-0.086620690549
JLOUCLQLFEQKC9PN9,0,-1.29717035614,0.669239602689,0.804706664525,0.529135923767,1.36508807972
CLGL5WM5FJ7L5P1FY,0,1.24117462571,-0.690418907133,-0.527039591812,-0.768770433318,1.46364529923
0N183OQQ4PB1BPTPZ,0,-2.19576676755,-0.435038225887,0.511724551308,-1.3711329157,-0.445743409755
YLI16FAW4KRRODRZJ,0,-0.0395042763349,-0.453618789068,0.851384171127,-0.0489561216521,1.13698920217
7L7GSJWE7M38DERS3,0,2.26107620132,-0.980069950625,-0.570394929297,0.0503794543802,-1.12008126781
CDXO5OJR7UD3RM051,0,-1.39766016344,-1.34809892703,-0.334771951164,0.027701852694,-1.13427677769
FNJE8ZYBLJ7LLDES1,0,-1.34465755163,-1.68080345498,-0.375688414387,1.28434326028,0.443473612063
SBA7DW8OTYJ4CMNLE,0,-0.595943193236,1.13872184944,0.0192933019632,2.12672941205,-1.54212185289
E3C2QT7QKJ8HLBC61,0,0.540707608911,2.33418140647,-0.456580582247,-1.35021676029,1.93799087015
P0OL2AYBHQ2TWQ13I,0,-0.602209623614,1.4800655452,-0.587616164735,-2.06907480092,-0.0478393510371
DJLOL14EZEXZBXH01,0,0.0547901014275,0.566222350895,1.72816729923,0.862949542185,0.260319504325
YYZDBS87MONJ14AUJ,0,-0.422158825646,-0.269047245311,-0.106085535539,-0.598429078664,0.364075341374
YWRXT7U81W5URE4LQ,0,1.25993480429,1.05794254828,0.170641829765,0.824174848729,0.389372896565
37FYUP39O8OUL8MG0,0,0.388292167258,0.0943002553351,-2.41032498936,1.18862517186,-0.379515541283
F7VEF5FD1P8GV042J,0,-0.526317588892,-0.292762064001,-1.77368615722,1.13009161092,0.377903803632
NDI9ZQKY0X8HVYKZR,0,-0.806405725541,-0.648505041359,0.278356113578,-0.715732788848,0.595168711584
8XPATXHWY3O481EJ0,0,-1.58872231684,-1.16315962611,-0.676664702581,0.76413273606,0.269572281119
UPGIQ7MQ3CLFK42C2,0,-0.927364573154,-1.42004949939,-1.84722734824,0.513788192891,-1.05323353669
5BESSEGZI4YXA2QUL,0,0.0693289511165,-0.335972937369,-1.81523924273,1.35378332458,-0.840677449575
912Y5L3OUX7X601ZW,0,-1.16817504841,-0.121039911931,1.63002827295,-0.979084231831,0.64066438245
EZXVRV3ST58FPTLU4,0,1.52881085143,-2.77277187856,-0.229768362131,-0.690745141664,-0.0184154133096
QW9014ZT4ZBU24QFL,0,2.08064683228,0.759811934477,-1.72351541602,-0.331678301902,-0.0999136439087
7S7MROV73F9KZPOVM,0,0.137936411349,0.860868777245,-2.09310676399,-2.33335491736,0.741037160392
R2FBALJB2P2UCIKPI,0,-0.349387839486,-0.0601900816507,1.18478155686,-0.804191337163,-0.424887112674
P21Q6ALL3TJVXIZKM,0,-0.967534995379,0.818322283349,0.0560347373822,1.35603208524,0.0308577419956
5R8DFLKD4AS6JGR4K,0,2.20008092938,0.362056922347,-0.412327384879,-0.998100981305,0.856649166741
W198GKC0SPMZLV0CM,0,-1.13659709011,-1.88587886748,1.43628999143,-0.45904999122,-0.844781018241
NLZUI8QY5V241CQXI,0,-0.654721251641,1.56369399509,0.655335765957,0.396824252527,1.57860370055
Z6ZXPT37AXECAWX1Q,0,1.24091625198,0.343408046228,-1.28051600617,-1.84170330974,-0.0333745612506
7FQDZ3NNADPX1ES1C,0,1.33936839641,0.494615979139,-2.63126187332,0.562840899562,-0.794979742221
JZJFUOPE91Q5KOO16,0,0.567352225722,-0.130334206702,-0.0298849802273,0.622766447205,-0.735001231982
TAX8VCN261Y8EO7KP,0,0.436499177712,0.47059075734,-0.0813239287262,-0.843184898577,0.746261753449
RUHKAIWNA3A1ULA5Z,0,-0.239328912069,0.832866568955,1.52369574771,1.18604434352,-2.1443582578
C5EK9QIIAUN00IFS8,0,-0.421559978786,1.71580385552,0.188827498932,-0.0120723166193,-0.345891184485
E8DD8TB95EDZVAR8C,0,-0.692233889424,-1.15315573315,-0.937090354965,-0.407005746409,1.12187408067
5V3T7V7L5YJ7BUVTU,0,0.505063547953,-0.885849483193,1.0181979927,-0.149148712731,-0.517357183448
KTXUE52M91U12KEO2,0,-0.917385695985,1.34111622468,0.354314285844,0.890570115297,0.572193825202
9YZ965NB1CL9S0218,0,-0.678904709456,-1.45398969983,-0.0208344920788,0.6550555335,1.34486382742
PZ7HXFXLCHT6TFLUI,0,0.528238152111,1.39921277535,0.502832009735,1.09436919664,1.04007913778
ZDM2E6JKU39HQG7TU,0,0.812837470803,1.0313639193,-1.6642447432,-2.24176487857,-0.555296463096
XBPLX8BJJXTRSEBMS,1,1.72278501179,-2.42534502238,-0.710492264047,0.409190321929,-0.231367231861
V986GPKW8UNIDAS0E,0,1.00992858409,-1.42827226421,1.27043284863,1.20459947748,0.834791392645
09SBEYNSME9G5365O,0,-0.898908634088,-0.0551375760616,-1.82824568544,-0.190757890236,0.204202934105
STOAZW9J254G0BQ4B,0,-1.57438230337,1.34061484308,-0.665712002847,0.820334108964,0.594284356755
UX9DHFD91UZHCU9IT,0,0.626757456114,0.599704685061,0.105670981418,0.674404467848,0.482410754593
WL9Y0S3TMQU5C9ULI,1,0.208180052849,0.0539043191804,-1.10477917851,1.00747657224,-2.66976988289
3DZ5TAPRXU1CH3T9K,0,-0.161457401814,-0.0341266702217,-0.116212117152,-1.82189576609,0.550104310608
ZM8R2ABB1VLE25HVP,0,-0.141309939921,1.71238760749,-1.47296711209,0.613511652968,0.797729977657
MSJVRBZQK81GMNOHC,0,-0.327485158798,-0.382472779263,-0.257606753526,0.763872207904,-1.37053180111
K0D90WOVCWM0KS0XU,1,-0.600193586675,0.938321693496,-0.682093776034,-1.0979770689,-1.0024813567
RAM7CPD9FH6LH5BPK,0,0.964041745045,-0.306730088246,1.23142547947,1.2256314521,0.347524170071
7CUOFGXG4993H3KXN,0,-2.27416202646,-0.707800317818,0.0971469835975,1.13679381737,0.994071316294
YCYJUS9IWJZVSC3F9,0,-0.318165369762,0.0303144478454,-2.31780586836,-0.204979630931,-2.57070575414
EXX1ST5ZN7MLZJWGP,0,-0.533231150795,1.57782974693,-0.601933771055,-1.21053884248,0.614283215808
FNNK6B0FX3CVTJY6R,0,0.402540020926,0.797881357488,-0.0486595797946,0.759849893784,-1.08911884989
W3K03GY0TBYCJW308,0,0.333404624218,-0.973138797673,-0.342110403444,-2.06173651952,-0.573779481422
LFQ8L8JDXB0CQI648,0,-0.484134858966,0.0338401216543,-0.316872287421,-0.851242079624,0.455926663341
A3YULFVSES2AAIXD3,0,-1.06769213066,-1.22856441094,-0.638207471306,0.471608617377,-0.752067283318
ZWGBDLH24EPKN3IZS,0,-0.0728033677913,-0.00291534674523,-0.249234468777,-0.986916519625,0.527038535817
GEZOKJ0D6Q5QETU3O,0,0.116129900572,-0.680681349068,-1.43273173081,-0.321264924363,1.53817152754
6AJ42SAGQ8RYZF5E6,1,-0.0101626029379,-0.180382294715,0.843252860974,0.0264574027839,-0.255744352895
ILK0QUNFFF8R391EN,0,-0.781709079542,0.0218701366268,0.819780788027,-0.107241260465,-1.4885395376
9H1Y9VPOB2EITY6ZX,0,0.932826441325,0.370415644452,-1.71069848872,-0.350062573321,-0.706824845624
WWCD6I7AY7QCDHZGJ,0,0.163675873054,-0.98645728778,-0.380443891535,0.436474097112,-1.11835968852
AG98NUF45HCWWXPXM,0,0.71107205007,-2.4702064321,-1.45579046747,-0.877864950911,0.406990593064
0HY7W9VIGCG63DSVX,0,0.524021276538,0.218735578543,-0.0517003021661,-0.330151331272,1.16879043322
J58PL10SWF9PPBMHP,0,0.315427108662,-0.562394451908,-0.029713869688,1.37667258062,0.190208901329
EVPI8S3B28M4KPKUD,0,1.86003068021,0.562676379299,0.874351527268,0.489097316121,-0.852764471521
740C5A7BHCL0MEFUS,0,-1.08295982995,1.14931948737,1.21482310541,-0.0630484810045,0.683261477046
OW1K2RWHGE6ED5MK5,1,-0.769303193652,-0.522620803598,0.838170784415,-1.15830265718,0.803357802208
14UR87A825D7X4ZN8,0,1.75052319646,-0.15701903747,0.212827207539,-0.0308649761708,0.928777800662
FVW3OWJO3SDT9Q22D,0,-0.413165188599,-0.80267443336,-0.653722254507,1.05291667579,0.0824465316742
HHNJSQM4Y66ARP441,0,0.59689342548,-0.923020292308,-1.06650927826,-1.5902084089,-0.439611911925
954TRWV7EMDDC8KHD,0,0.0853991062869,-0.350244003541,-0.783783607389,1.04673659946,-1.22486769552
TH3OM5FW27RS1BM1K,0,-1.02133616865,-0.720935389431,-0.715327002657,-0.269652952879,-0.142151686984
S5J30J2FL17S0GGI1,0,0.866031292287,0.923081703362,0.0495425170493,1.24965847951,0.385616792552
N0G2ZRCLAH6CVVYEL,0,-1.00867518077,-0.0997834194079,0.490397132588,-0.818276181135,-0.535487358849
AWHF3VV8V6MMPOXFZ,0,1.45330733862,-0.887816193376,0.521148283253,0.835268666043,0.538309464614
KXXI1RO2P1VG6BO9F,0,0.194684441135,0.605677733573,-0.11893743226,2.3625029757,0.312487589744
1JWH6930VR4URGU3N,0,2.61646969234,1.36225874749,0.584453158567,0.0702341464039,-0.742091083596
GUNJON8OYVMM06LOW,0,1.3442195857,0.243482715497,0.639008684546,-1.19439795385,0.821230776032
61B7PHEPPXN80D3Y5,0,0.0686405031828,-0.954305933102,0.946471438789,0.173521881896,0.868856986246
YVP5D7409MLBAQRMR,0,1.77675266519,0.307723563161,0.20249488722,0.93357922746,-1.37696203246
58C60S587P84HKTLL,0,0.783015740098,-1.87955066894,0.521421415667,0.383087364204,1.70680767328
VEYULJGR3I34IZIHR,0,0.104650424932,-0.229264636634,0.87734360531,1.76875591601,-0.880088772088
S3XMN819ETO8CTMCX,0,1.73876754383,0.0814741119078,-1.75976613787,0.970991831742,-0.638574571317
G5IVG5864I8LA75N3,0,-2.16308603502,0.319232216169,-0.937029350895,1.27998683613,0.790647310582
SZYJORYW0AJ8M0VKO,0,-0.00444629865531,-0.525926736915,0.219499425452,0.140961666423,0.225170721974
70XSAQRGTE34Z6U25,0,0.181620543523,-0.854870701998,-1.92400009582,-1.59760710995,-0.368830307003
P0DBTHCGKSBLIL02N,0,0.304326902316,-0.324285482477,0.63524003132,1.55927024122,0.953870856017
510H6CXX30Q4G52TK,1,0.13009195662,0.110802801238,0.302959322116,0.737591333759,1.05357536053
AQGT5EOWHWUPA9EHK,0,-1.30122206117,-0.724256099189,-1.19332099169,0.172735026321,1.04961156916
SF3F7LG2XGVXA6WFH,0,-0.993215862516,-0.00241541811061,0.0916277819451,-0.366740315492,-0.131547735583
D8V01ZJ5GAJKVEHUV,1,1.79281668073,1.39825178899,-0.385245512381,-0.798092260234,-0.0348388907078
VRY1KL0E0RZMJR00S,0,-1.49707800217,-0.365488365327,0.557246834289,0.204102055657,-0.0470420404663
U48ME19V8DT0LEZEK,0,0.313377707707,-1.54282237502,-0.815971320766,-0.00687471089259,0.800641536953
35BF5VB5Z54O7FVCN,0,0.43787297286,-0.160818845961,-1.20842450537,-1.69422819337,-0.808094621552
9F8Y7WK8OYVLOLQ2R,0,0.0397531499977,-0.601295093902,-0.77171749186,-0.431352640984,-0.346012539997
9DTHQ1UEMY8FYHPZK,1,0.127024996858,-1.17971803786,-0.147952210679,0.558981379485,-0.327756805387
UHFNWK9JVUNA0SOHS,0,0.416002945426,0.581475549012,-0.129877772533,-0.412430330154,-0.489222438022
6U033Z0KMYKZJ3LRT,0,-1.06143465107,-0.0365455746207,0.413288523608,-0.600903408252,0.573930641512
JR88ZWB4D2CGOGZ3F,0,-1.26445419927,2.25919273321,-0.0612228654826,-1.18830522767,-1.1872401041
BPYKU7P2PPM0GD0SA,0,0.632905257255,-0.820563845287,-0.585696157997,-0.370454620183,-0.802154375399
768KOYRXH4MT9SMVT,0,-0.801928036076,0.648444611164,-2.11901670106,-0.208817614047,-0.862126128225
K01EZ75PAK1BROFZK,0,-0.633062622428,0.419796451269,0.840678806432,-0.561603843305,-0.539891677419
WYY442U9F42MLOQTS,0,0.384718986246,1.10596531483,0.839040939305,0.212538989097,-0.720642209225
9XYCTCP49EBSJMD7B,0,-0.425633322885,0.891631217687,0.364307877165,0.4457950116,-0.787188463665
ADJASH92VKLP9NP4R,0,0.403499343285,-0.60445233631,0.632802117789,1.2868886255,0.743093086805
8I8309E0I7U717BNA,0,-1.0238725469,0.372330701299,-0.16722261383,-1.33994229657,-0.108826163721
ADPD5WFF7HTCZXCBB,0,1.24894007247,0.616659221644,0.43047130686,-1.2453152877,1.38803283143
1X33E3A8DTIJX90EN,0,0.0560421994923,0.58862992372,-0.641414613657,-0.73904472,-1.7341129235
UAAK76I17RC8VTVAD,0,0.413044566559,-0.331126557407,-0.853534138967,2.59053821871,0.209132169648
GKKHO73Z5PERDUS6G,0,-1.11484383334,-0.702952848845,-0.541089109872,-1.1267367808,-1.7770093225
CQAT6E7SH9TJMTR87,0,2.56754613637,0.138950667313,2.13603565745,-0.318974565549,-0.688835778915
9JVRNB881XW0XXRKK,0,-0.852538301236,1.20164176855,0.682218326091,-1.21374032137,-2.05709672998
62E26CI3GJTXBY6XJ,0,1.51247805212,-0.00052881481497,1.66355029917,-0.170579666973,0.0482805249347
KO5IWCLV2B9R9PTZI,0,-1.26968946172,-1.75201760349,1.46567729649,-1.85996504683,-1.12919726667
GDJ6S3RTUDM8Q6FMP,0,-1.40198166633,-0.636788638844,1.20863552031,-1.26317233835,-0.188255658235
BCAWDV8J4X1MT0X9C,0,-0.361139423621,-1.06490937641,0.45863510775,-0.499781435084,2.31148188954
CONGXD8NOVB11E4A9,0,-0.956482657898,-0.0121031536727,1.34541016268,-0.955954028751,-1.62300742734
FH39KLBQ2BZAXW2VB,0,1.0707145277,0.72879580442,-1.47303930499,-1.13762022163,-0.837598861761
SU1W1IDM79DFZ0WCX,1,-0.416694160658,-0.065483299161,0.979920290106,1.7934436626,-0.0265006417036
OB8NA7S2VHCDMPQCC,1,0.478948531065,-0.357599286093,-1.56026958819,0.76626350178,-1.42003360721
REOCW9AEQ1K1TDQ5L,1,0.983778708724,-1.05627626827,1.50815943535,1.98512953971,-1.02120096634
5QS6HX1B8Z87I19RP,0,0.694276601579,0.62390989349,0.0214704382667,-0.550354250392,0.779762628871
HN08UKQ97CRXK42YJ,0,0.269225416058,-1.12501266751,1.33780439426,0.712534797104,1.18772160214
121148GHZNW6NYJYM,0,0.521612309539,-1.51509174602,0.806905066511,-0.512493589362,-1.33794991327
6UOLHRR7WFK7B8HYD,0,1.42732312195,-0.634607900368,0.865783720111,0.227350758969,0.813418069226
HISG03U41798OH4EL,0,-0.974444711405,1.42587392999,0.416795659559,0.475176601032,0.877256804951
I0W6P394JBIOPM3BM,0,-0.298397305161,0.756585588961,0.422044078986,0.448889080786,-0.311380518371
GXM8REDRY3P5F4H71,0,0.521710361898,-0.586633386467,1.33411880436,0.572671056553,-0.0947110964915
W046M8TMNO9YTXCO1,0,-0.138908356608,1.08071141252,-2.57654377616,-0.869788287382,-2.00697399746
8I83RL9X0UHA428CM,0,2.43999058895,-0.27752523429,-1.32562738009,1.32265783174,-2.01172596581
RSP8FKBLHNFNLJLBI,0,0.130560532554,-2.00006269461,-0.428848678346,1.84243264001,-1.29046415125
017MT6TAID2Q4IQ5O,0,-2.74143012355,1.54275303849,-0.855824023548,-1.46496620424,-1.04617521893
6SPB5LBSP0E43NB37,0,2.0232637506,0.912010796821,0.242267034646,-1.01010375472,1.56286671343
UK15XKEMJKGGVGI2K,0,-0.440035996778,-0.206040483822,-1.60401403235,-1.29459736629,0.765832063673
T6XS5NK8TOH5BWXVZ,0,0.351707440326,-0.98611638554,0.0651362582964,0.0990894660433,-0.420446224596
798G8MFZIAXYEXOAT,0,1.59743819455,1.62062782205,1.26690823635,1.28491226441,0.513389768585
Q80CTA7O5RXPDKX8N,0,0.350134794444,-0.160304939715,-0.45443376561,0.341170220804,-1.34987335255
AFJUHU4N7PLUQUX60,0,0.89780602322,-1.52751880391,-1.16026650973,-1.26500434833,1.62646165728
GZ1RBVDT8R38ED28G,1,-1.3026513562,0.415521319285,-1.78310215138,0.183757433705,0.0226210938804
AD33ZH0WIFIX2P0MZ,0,-1.42078820037,1.61251369705,-0.871544770223,0.269863230003,0.464937776277
48YUHTKVEEC6V5NMU,0,0.751971935744,0.991057988153,0.380494944268,0.930810905224,0.822893368205
WJH8GCDZ6MAZAUSYQ,0,0.800182977226,-0.831780790692,0.647940077198,0.406474934929,-0.991281069759
CL5V8PXH21TRGELCG,0,-1.98619055117,0.470383008991,1.05316867774,-0.253177888534,-0.57920317006
R9W5DXUNNQG1M32KN,0,0.387844060665,2.3246435378,0.289350158066,-0.275871920756,-0.133319292529
IR7BTEYK248MUQFO6,0,-3.20645404351,0.313181617602,1.99398220519,-0.636767195127,-0.190535754426
K6OUWM3A11M9SNG2H,0,-1.78523748976,1.18512242661,0.632313788437,0.681512486726,-0.937312970397
TA0DSLLPGAQ2HH8EU,0,1.08658424822,-0.649634211813,-1.7500802916,-1.48512608764,1.17730021775
27JIH0B3FBP6M7E1P,0,0.353216267062,-0.196184760772,1.56049845566,-0.0259400638265,-0.252166158874
15WKTY1BT0I61FE0Z,0,-0.636896600951,-0.924848016944,-0.407597101259,0.141411520326,0.503086743609
YL7PVHEOXUD4WVNVO,0,-0.425298056084,1.48854521684,0.119713931939,0.53720212823,-1.36373442866
P1DFE3M6HL7OTM1WI,0,0.286636121178,0.187617982718,-1.01606251964,-0.847309843063,-1.51868707245
XZGQV8ZAI55UXL2S0,0,0.189824079618,-0.248846163329,0.256146106034,0.489105849922,-0.346475890985
JTQMPJ70OB0GKECV9,0,0.0322264139943,1.72022062986,2.26901744623,0.443137573948,-0.270925744994
GH0XLDXC44Y8VM91D,0,0.612721291426,0.75300547718,0.123419191079,-0.40910286574,0.76383767687
EB0JWW33OT0H73WSC,0,0.110698457321,-1.16658037371,-2.3017794237,-1.98014420867,-0.654658412219
7IVUABH0LI6HH6EQE,0,0.48500328648,0.974761185292,1.28262953763,0.017733012254,1.27470678689
ER8EV1VTRL5E15DJM,0,-0.462518585089,0.960477810912,-0.835685378187,-1.78355788965,0.922727065647
0LYLXW4SJ8VF6XTEP,0,-0.904081585135,-2.13027681709,1.98399390457,0.870310667689,0.891137176826
UHTO7I0Y8NTPX0KYM,0,-0.797963849059,0.669518243389,0.626951211059,0.831765913766,-2.75981341203
07XFP698M7QRXL4LD,0,-0.877586704992,-1.87797268939,-0.410437234237,0.769408335808,-0.893783213948
66B91V35L02OA2BBY,0,-0.0720592562582,-0.514355788778,-0.229278295136,0.276186302217,0.104907936947
C4LA1G1I0QMKERC11,0,2.02443846862,0.377343048361,0.307853961371,2.5484295665,1.22409377097
W38AUXDZRZSTZVWTU,0,0.675756340358,-1.12287228351,-1.6615533437,1.79384496031,-1.51073204432
DVL8PAIMU67Y32YNM,0,-0.322479406123,0.107422496828,-0.96145274533,-0.373359797189,-0.354471082258
MI2PV1RMUV1IXRAV0,0,-1.10806346045,-0.761845419075,1.3860937834,0.0715708391506,1.09653432578
WZ4SP86MFX92IOVC2,0,0.174299985239,-0.473968789518,0.169198539291,-0.845180616849,-0.124394587442
800S76HJ6SCBDLVLC,0,0.338786867526,-0.199772106097,1.47705909215,0.00814343950557,-0.0218179359688
AFJ8RVUYVZAZTRKV7,0,-0.152600656043,1.92571012077,2.14757804933,-1.29267317682,0.19761152538
PPYRMKNV8F6XAHLI0,0,-0.143278901632,-0.398171388965,-1.53356563172,-1.1933662516,0.010248935956
Y6OMVZQDORT4FDQ1W,0,0.183478732388,1.31869366945,1.32429945756,0.596085121378,1.66645173258
GJZ74I0NTDQSQR9FA,1,-0.00260905270982,-0.243299194352,-0.615399361494,0.782748303362,-0.82144061574
NYLJQXNHGE7N10E3V,0,-0.319546523518,0.517243491594,-0.443002339846,0.0744974490173,-0.00741423628318
AFPMUCFJOV0JG7E48,0,0.126952497232,-0.293782536975,-1.15799668323,-0.806700317868,1.96240957193
T2J2MPH3PBXS8I3SO,0,-0.0898010839608,1.34558595909,-0.606956209169,-0.776316377939,-2.28466482928
UJRI92SOK08V9AH0G,0,-0.0782775957461,1.42286423799,-1.15945238489,-0.364937379694,0.792172236581
W42WJE9FZXTRVNZUU,0,0.645525243193,-0.0530486922532,-0.32844822697,0.806962263257,-0.629201889115
AH0JUYZ4EEEYWSIXO,0,0.108903313386,-2.0353396492,-0.373515383593,0.476796876658,1.99669966531
5QTB31XQ6101W9H1R,0,0.37236747986,-0.0399372593864,0.0169670850726,1.75527220067,1.5089383341
7B4B9CRPADHA4NJYG,0,0.22134600049,-1.03863893778,0.370824180739,0.965150461775,2.71508243659
QF4XC9IQZTZR2H4A8,0,-0.423984882117,-0.011725417107,-0.361074935001,-0.911616109331,-1.81943918208
IJLFA5H9SX1ULCLI5,0,0.893225086771,-0.604590057688,-0.0542338549241,1.33957205992,-1.28049893872
0OWV021Q8H0619LUN,0,0.207282663147,-0.365786752717,0.992308122296,1.26195875683,0.697647164929
RQEHA3JWBSA1JTPDU,1,-0.328442291708,0.541805405329,-1.37039541508,-0.240086268114,-2.32825089921
JWY1G7MWIYH43STO2,0,0.509619880781,1.99342559099,-1.74831744709,1.07759320639,1.24430669555
9LFXVA9IAPM0RAN47,0,0.521533975523,0.0786773594269,-1.06104078905,0.346827558567,-0.400099136264
JQVDKWSICBQ0TLTVA,1,0.539155357491,-0.18453864205,1.56299280765,-0.294816616078,-2.30573625033
4VG28IHS4FF0ZBL9J,0,1.1113914022,-0.716032713757,0.732343688683,-0.588771446142,0.708465977879
OBGU1Q94J9TU98CLQ,0,0.977155086358,1.5528289422,-1.716034867,-2.07238889447,0.338408962373
LDGV6BYZC5UOPJK6T,0,0.196369346236,-1.28989677174,-1.56688892762,-0.526332604553,-0.239217969876
E0GA1STIFGL4DSSWV,0,-1.32153847737,-0.294332755394,-0.412904920228,0.420119152934,0.557479968647
8BJSJDMAJGJ3MNYY4,0,1.52847526913,1.16803649596,-0.845892590605,0.522243049009,0.336727709028
2E2U23LVQUQV56917,0,-1.40705984101,0.304327023949,-0.0499887967038,0.848530313366,-1.51968507583
0IN3CHGMZNTQHY630,0,-0.307396965686,-1.11520111662,0.384501156017,0.505629800982,-0.243995012415
3E8S3FYOX55LHBQBJ,0,1.02387731445,0.711474005155,-1.19247212993,-1.40818763105,0.0682930274147
R3W03755NYMLJS5PE,0,-1.11332510617,-1.66604241185,-0.52714903092,1.25049523836,0.42768488309
DIDTHDL11EWPSOY7G,0,-0.234314714945,2.71179573635,0.19889836569,-0.222812888374,-0.459777505796
QSLCKM530R17H9R3K,0,1.89962578855,-1.34897575328,0.175275009053,-1.56929819771,0.0783721018138
ZCW6YVT04I0ICMB7E,0,0.99864891504,0.529267172403,0.912338625264,0.0385320988396,0.618823101136
EOVKWLN5UTJY3Y04A,0,-0.791834977294,0.0198524834226,-0.375544396676,0.140226183077,-2.22631764242
MP0W3Y2GG7WTPEHPS,0,-0.44294518255,1.05645167159,0.44582337312,-0.443139842094,-1.36952912568
ZDB2ZAKRSGYEUGOEM,0,0.455574629589,0.911595847105,-1.04761724608,-0.213654579743,1.77388895778
KANJLBG6GE3VFWYOJ,0,0.673312248595,0.827825288098,-0.498267633864,0.648319677603,-2.31628729692
28XP6PPUDM9GTS1D7,0,0.8491426141,0.0474223659298,1.20459159036,-0.0126783134494,-0.439348159483
VZVFAWH3GIOOZFALM,0,-0.0862296602115,1.25231309435,0.413611608872,1.11179007487,-0.430618431706
J2IPM4HGCEDSKMVBO,0,-1.12046897846,-0.22202236081,-0.00537298579149,0.213328314099,-0.059792826109
AB3J8FLLQ8QB2GI6W,0,1.87892339826,-0.221412939948,1.2936838135,-1.05208258411,-0.468731890635
5UK2YFJPRQFVZWXN0,0,-0.0984294341972,0.489752806281,-1.09093846006,-0.47463532741,0.0806846849434
SCRN6CWTD6PVY6PUI,1,0.424447420393,-0.788459206372,-0.512142421516,-0.0636646030564,0.336978665327
KYUUQNI8SMK8TS3U0,0,0.580201829752,1.12276904477,-0.268776343059,-1.30701737346,0.411292208108
HEVZNF3YLJO27ANIY,0,-2.69684138618,-1.00256034547,0.653668113188,-1.04193799808,-1.15576634641
QS24A9T9L10VM2NVC,0,0.0129200181813,0.309146090249,1.41151876837,-1.07260027324,0.2037189093
T6JSGH1GMFSY59S5M,0,2.00869780563,1.71884506074,0.678741342779,1.824448341,-0.43299427569
7WM90JL5PR4THYHEV,0,-0.135309785699,-2.00992598909,-1.40626261616,0.0891627974731,-0.225149805012
G65GXUPZGOVPLFJ1R,0,1.44685253581,-0.167912362921,0.101787138333,0.131947064972,-0.376403770672
UC1KQRXX3M1FSZAF5,0,-3.02182673624,0.30987103004,1.28950949849,1.38991529286,0.311163669271
T8A8199HWPLZ9KUA0,1,2.40242491328,-0.532991220471,1.6428421549,0.329445259305,0.835584389528
RCVRDMMODFCKZJNLP,0,-0.728844356932,-0.131746504648,0.275430568693,0.389470164766,-2.68675523496
BHBGOEP6SFV6I2UDC,0,-0.866139626572,-1.11380262077,1.14809686568,-0.558859668337,-0.909213408155
SIV7GUR4RWUGEDLI0,0,1.76519389249,0.883593424491,-0.842765493986,0.768229239626,0.904918606933
QXVMWHJYU0T01X1BA,0,-2.07865253668,0.0595293079699,-1.7668462097,0.932582233811,-1.536802026
VBHIL6D3IDMMTDFUA,0,0.625396610349,-2.88582248943,-0.742974830279,-0.7285652798,-1.12240307493
QNH5PXCKKHS2WOXJB,0,-0.578181811046,1.59199164175,-1.87346569983,-0.0346505835305,-0.304611348423
M002PX6183EZDC9Y5,0,0.428283708045,-0.130039442607,-0.200715549785,0.235759969551,-0.78517588663
69FXUE5GFBD8XHFU3,0,-0.0442658134334,0.420272254411,1.58594874487,0.826910412786,0.410606442798
JA4B9RBL0N2IMTLED,0,2.34944441734,-0.77223970809,-2.19447034505,0.121941228282,-0.0749175884598
UYGFVO13DE7460JR7,0,0.342768896337,0.701506311031,-0.870279764781,1.03334673913,-0.64418143357
KZA8FTZ24C5JEHLE4,0,0.24277296461,-1.14438097561,0.555396485506,-2.28321991936,-0.448032073695
WCLJQS7FK4HSASRAT,0,-0.967692418673,-0.15579154593,-0.151722463972,1.05265140486,0.127889783359
7YK0M990AI21K0KMV,0,0.147772528876,-1.32616859948,1.252196157,1.5264332215,0.899493680484
JP58ENPY2LWF25JE8,0,-0.561739191936,0.540229254945,0.24750060133,-0.259885924235,-2.18656618143
JL75RYYGQRHAOU1MU,0,0.585743023859,0.805900736936,1.03542801162,0.627268387279,-0.365028189244
A4FGB97MNMWBWGKTM,0,-0.552343169127,-0.750023216868,0.170117957919,1.24899622761,-0.513268325181
7V1UCTGV7ADO11FUA,0,1.31868990852,-1.21767074885,0.308047060717,-1.06832983566,0.592909872949
86RJTJ4LP3F45PH44,0,-1.02246387015,-0.69465705052,0.0115237430988,1.23502381601,-0.538676875196
8O67FCIDEPXH11UW4,0,-0.014683647512,0.305375844539,-0.866236805048,1.16121774922,0.0377419637446
XXK5WVD93SGBZAKAL,0,-1.02539131118,-1.5780172101,-0.0336518245634,1.42512179108,0.620141666951
BQ8M27P876H3DSRGO,0,1.51785210117,-1.12690836903,-0.902699308002,0.445579537623,-0.753408346394
BZOB6251YKPFWTTTN,0,0.544196140828,-1.14080149449,-1.06394038636,1.82941939887,-0.481449764472
Q17WZJWIDA2A3146O,0,1.52115339965,-1.4979408039,0.720623141664,-0.0338893066253,1.21905168865
0O2BEFRJ2M9RY48WC,0,-0.727606771523,-0.626840256286,-0.266144551749,0.15507083842,1.00701521823
EZ9LH9CRBONWBZDY9,0,0.532769361904,0.0656055200061,0.843080267269,0.271765369583,-1.64587012969
VPRPHUCEGLK7004ZX,0,1.61814193996,-0.112686352988,-0.518459485134,-0.458754925634,-0.122226447969
WI9WR55Q6PY5ULVH4,0,-0.280402026137,-0.95327009999,-1.80198123182,0.839773454839,0.00395202791032
RO5JUOIMC0AXG0RIN,0,0.839189911839,0.832526702745,0.136464394593,-0.298962827328,-0.0016216563201
0U6TCOTW0AJM30BDT,1,-2.36885466571,-0.44041358073,0.525394511254,-0.182405265739,-0.20293878041
YSA5M3RV9S7KRUM1N,0,-0.76322448303,0.0158648439637,0.116329906548,1.38153842953,0.75013161476
QIRFF1MP316XRS769,0,0.118439195556,0.617677201437,2.07370045848,-1.1712315029,0.0134551406681
VPBE3ZFGKOPT01LJ6,0,-0.223524119767,-0.531040400003,0.715122170021,0.425422022943,-1.06877644345
J2U1DSHU4AA1823LC,0,1.03640944336,-2.15246431086,-1.64227255558,2.00675921858,0.635021750476
CVLTOQT9YZXH2W8GP,0,0.033495546053,-0.59595327697,0.714208319329,-0.0494726190577,-0.99925280248
B3XRYHASVUTYCPUHP,0,-0.0152112768608,-1.30507337378,0.875268030238,0.654919027206,-1.04436259628
LHEW8O3JVC1EYHIXS,0,-0.71241941992,1.82578271412,-1.33728826847,0.393278042375,-0.395701435824
DC0KXJT3EZVX0AOHC,0,0.0850773653409,-0.214458641674,-2.24538098246,0.674228349536,-0.529016683334
7VKP76PBRBHT0546D,0,-1.36757627689,0.11796494069,-0.0965141473461,0.760575737243,-2.73401602382
51I4MA0TC359R2YQ1,0,0.700349765891,-0.981146304332,0.0626538487763,0.23270370163,-0.96339195406
NT8T1TSDAFLJKWRYJ,0,-0.299683641773,0.427852718658,-1.30229442272,0.112965494738,-0.960614339191
ZAQVGRTB6C22O8T3Z,0,-1.08914805554,-1.61984042356,-1.11256258585,-1.48132889443,-0.067024919729
0OP0GH2RTRMXZU9HE,0,0.710213029919,1.19115519876,1.37037244688,0.355575511332,-1.31237295349
UF069RYI9FD2FYL6Z,0,1.30112636823,-1.34709443208,1.50925847354,-1.86654872524,-1.009414427
UWXEJY0Y1DHOVC83E,0,0.493097144099,-1.85664528249,-0.599415036036,-0.622780382903,1.80061056612
4UP41G0U169SS7UE4,1,1.16910191062,0.263682498975,0.320486419392,0.884386000124,0.545234519718
V9LI9B7TSBO3JUO3B,0,0.812387026722,-1.43470553874,1.28158044573,1.18705627044,-1.53186660164
V5D4MYT6999CQXFGL,0,-1.3480537954,-0.328524024322,0.132725268495,2.17586425177,-0.536973637361
JOJZCMCWY8IV00M61,0,0.672008920271,-0.527849101078,0.175023934171,-0.261521173927,0.262652246581
OZ6P1UBIR3XMTHFIT,1,0.416982057622,-0.876987136133,-1.36159101078,-1.19501865775,-0.731838196572
8S4WBGE9Z5P0P6IXT,0,1.13833124089,0.375122764992,-0.34063831999,1.40135851714,0.730695986794
W9C1WNKRGKM9TSPVN,0,-0.175148457229,-1.42416041208,-1.10060909592,-0.0293820636612,0.823984689478
ZK229TARAQSNINWFW,0,1.15326809289,0.758048134081,-1.63549871881,-0.327514973658,-0.0627135908104
IVCFS0VVM9YP8RJK6,0,-0.0325857851996,0.341188395555,0.680390387335,-0.388999427501,2.00803376542
O5K9I2ODE6QF6YV8U,0,-0.586393900129,-0.450517183142,2.1100478305,0.0201729975634,0.915839512482
ZDBPBHHPW0UUP0Y6R,1,-0.0812890735841,0.142087696888,1.40655398604,-1.27801117521,-1.42586619437
5PNFZTE63TRVFNGN9,0,1.16287729041,-0.470237604223,0.230205399951,0.712264608769,-1.37378118557
ZL2R2QU6L8H0VFZAF,0,-0.0230230579957,-0.170625531218,0.312089241794,0.639680993671,-0.0974885630367
51E5HK1QTGYVAZH56,0,0.597761898199,-0.532370399595,-0.37422886014,1.1780233558,-0.413940689483
PBWGX3URKA624MAWU,0,1.87051693017,0.156966780908,-0.640961991001,-2.27997740374,1.50088865262
N60H01OQJ69QS7T5A,0,0.627384973104,-0.998262233557,-0.0472193527852,0.469804300956,-0.263920565929
DIC34WUTFHNN1L8QX,0,-0.00953294218055,-0.0358729771869,0.658419950045,0.597923639239,-1.24450529388
9AWNYU6VCKIFYMESF,0,-1.40420649923,0.782961086858,1.73104474543,-0.0962536488931,-0.0673052001168
WNT6ND5A8ZI8ROTVN,0,-2.05823848072,0.954803770562,-0.346717512004,-0.504381445276,0.910615754378
NGUJQFDBYICJUAHFI,0,0.201535183413,-1.94028922858,0.453619395221,-0.807274203685,-0.0267717769662
DFI3O81OBEDYPT285,0,-0.23693003168,-0.713388643003,0.315999745831,-1.71524632092,1.35716778204
OJYKJ530B0SXZI69J,1,0.630449021523,0.740693045618,-0.0790057851486,0.261287205369,0.383572413826
YAS4S4J9UVTWXM7I5,1,-0.140732806954,0.181851561424,-0.854609352319,-1.56431582477,-0.985420913895
0IF3OEUPXDU7O2ZLW,0,-0.364817693273,-0.121563349849,1.36965936771,0.0891425206987,0.971862983208
2PK2VLWBK9JSJI0RI,1,0.298868550093,0.294560392236,0.147613101626,-0.0194021921075,0.515242633215
15S2D9IJRGVW7WIOF,0,-0.245511554537,-0.543417952853,1.1010365902,0.0740780384365,-2.23176856693
194ILPAG2E98GX9T5,0,-1.44533935744,-0.155508080157,1.32543004001,0.521269658001,-1.65247833381
9XWNLJATG6EWBURYH,0,-0.668189595188,-0.458087474039,1.44925232065,-1.67322704768,-0.350966743511
BZU5JM7WWRWUAJO9Z,0,0.144489124881,1.2863353743,-1.50300137947,1.6972885318,1.52243656297
G2YYBPWXGZDDHO1R9,0,-0.446879565166,0.422649756242,0.851786166121,0.757570842004,1.14593512139
AY8CIVJU0LGZFCTQH,0,-0.573196241359,-2.57299800797,-0.576588829814,-0.747485785428,-1.28295893456
MR2L3CF5YDRUS7FYS,1,-0.404734818579,0.163337897115,-0.142774964591,-0.216445165655,1.11329658087
BQFC55IJV7R9ONBVH,0,-0.0221047965263,-1.55729409434,0.982885769185,1.03507089178,1.18230288629
5C9TH37YQTHWV3DQN,1,0.154602694329,-0.609576072763,0.48169563598,1.10862365361,-0.331330713693
QW4Z6V9HNSGJPX444,0,-0.217372524469,-0.107813327281,-0.354931279924,-1.13346345241,-0.161016827814
055RZ0Z94P1P49ZUG,0,0.0470437695845,-1.02216641206,0.283287073454,-0.221570743787,0.293037772401
ATS2PS1B8T7044WV5,0,-1.0044342703,0.288522139236,-0.474803294051,1.89743826542,1.24761655071
RSBRDSZW4Z5F5IUEC,0,-1.23325855758,0.420486004336,-0.0176294742003,0.446187040126,0.95294433882
8ZN9EE75B4YLZM13H,0,0.00390686949248,0.147887695787,-0.0839618563694,0.208078377802,-0.283146003512
2GWNZ4Q88L45VS2DO,0,0.277654281784,-0.28173144673,-0.721011639215,0.357782603746,-0.700070159063
Y8BJ2VN7BR0XLJSBV,0,-0.110926020539,-0.73665442402,-0.840564822272,-1.24245230759,0.984961805339
W8K745MY9XQBEHTY1,0,1.0545735144,0.87800985249,0.171250910856,2.19980182074,-0.524250783491
CSXT3ML25Z5HEM6E5,0,0.0948626001794,-1.35370158666,-0.336092462456,-2.61269529228,-0.79789345856
U0KBFLXIQIX95JRV6,1,0.773658315593,-1.14350045487,0.661434599767,-1.03895819798,0.0960065540468
HV06Q4WH5FRJQLL0O,0,-1.15463088875,-0.822885697444,-1.03644573136,0.62583127056,-1.44876164305
781FUQ1PPNCCG2OJC,0,1.14098650449,0.613019280495,-0.376446815141,0.242997679898,0.0527123975181
XKTC6QQ43JY1WGYJM,0,-0.419163752849,1.64119246913,-0.197442196563,-1.47559967484,-0.687170692729
LO89IQMQ44OZUHC6F,0,-0.0808066011935,0.317887495228,1.09826780621,-0.21133361369,-1.09586846608
X9JZS2LUCRY5EL0O3,0,-0.644354707668,-0.266581724814,-0.301545496214,0.610912538301,1.28985673974
2X0YGU2GLOJZ7A164,0,1.46914745873,1.74910388196,-0.0519122862406,1.73221500305,-0.319959676712
W79AEARRVDX7PJQVK,0,0.664395923993,1.20501597047,0.897836040673,0.673007842098,-1.31488313719
KG3TB56ZB01MQLZ65,0,0.410206444885,-0.709877941533,1.32284237335,-0.64454674866,-0.625779198709
HF8QTDNYRS02ZJ8ZH,0,1.12131985656,-0.585646436022,0.270674342862,-2.67632853001,-0.200524789888
KCEWPDPEZITJO7KWB,0,0.635959512538,-1.66379973765,-0.396022284297,-0.108525323546,-0.848627650047
8SBFEVF58LMQLE7QT,0,-1.53235411022,0.315640195866,-0.0420554068585,1.08681649599,-0.302384046592
0UO7Y0YN1LJFLAADO,0,1.37422818435,0.347597542362,-0.759518366333,-0.642758512135,0.387249661458
PAZZ8G407IE1BCMXZ,0,0.29681154053,0.100154090319,0.0531733188653,1.04042051689,-1.34631308216
SH5WEMI5RUPY6HXMV,0,-0.575708335409,-0.683393691949,0.827358185356,0.360215333876,-0.896405146633
Y9QPZTMEGUCBTCUWR,0,0.0398378890207,0.417714676037,0.972636941779,0.342275830748,-1.17734598379
608HUMDSF5BEAUZMA,0,1.65055639386,0.415829770693,1.21982597438,2.21905520235,1.94714339077
RXPRGHVUG775B2UQS,0,-1.16049493889,0.633526619008,-0.674111856129,-0.517724376567,-1.41644187679
DYADF1D5ANISLIAI0,0,0.171372975873,0.346402873537,0.502535748586,0.685441292103,1.03182302901
48705ST7AVLPRENU9,0,0.807858677842,-1.25716649468,-0.569230782015,-0.00175155224911,0.200676338771
UP2RG4IXDDJB8VVPW,0,0.434793950622,-0.74638947202,-0.811474609551,0.0545486968204,-0.00117532497489
S0WPUZHI83K78S0ES,0,-0.713966619259,0.0667139881427,1.51870293813,-0.735012559539,-0.757132668781
S6QXFLV7IZS95JZ0I,0,-0.0607962569234,0.097862086166,0.103840598535,-1.02998692052,0.4870315006
GOG9WM1J0YGKCDS45,0,1.18285912621,0.553920620407,-0.229915678693,-0.481012346932,0.159118790119
7LK0AOIC2KNHODZ4V,0,0.193909992555,1.03980936867,-1.44214221357,-0.922798052345,-1.11825384979
KFVE9Q3P48XY5P2QI,0,0.741023732972,-0.488752655654,0.538086538934,-2.00921535422,0.643803539104
IMCOZ39Q0K987H2YN,0,0.631001034185,0.132388439999,1.31055993408,1.03011723316,-0.356235730371
JCUD0HHNQR3ZRN62M,1,-0.0671006400876,0.426440151892,0.187630465238,-1.18613374145,0.0557854918694
Z25E0CN0UU62HLX2V,1,1.13638316991,1.24497073116,-0.999017532164,0.540877561633,0.1653582832
VKS8POKJEFNFEMD41,0,-1.26207820015,0.446663583992,0.379493576316,1.59724940108,0.737095690303
IIQWVK0UIJCSS26Q5,0,0.35252650358,-1.87691626961,-1.78397646214,0.23834808886,0.135532660098
G01MTUHJ7K50NF61P,0,1.11976678677,-0.0111501464253,-1.25704942593,0.926861261105,-0.331689379936
AG0VJK3OE5OAMEW7Q,0,1.50173118442,0.348954840954,0.282808749788,0.870414964657,0.383070728417
JAY0WQNVUTK57Y9G9,1,0.795236180913,-0.663839408217,1.18368850761,-1.36107752806,0.382675689389
7ZHYQCURDMS3JT4R4,0,0.0233857373558,-0.176546105166,-0.37631378406,-0.666070407794,0.428740518891
KZ3804WWQBFJLYJN2,0,-0.600497854671,-1.07595396542,-0.969368183812,0.83130497191,1.07280613321
9R03TTHQX13IXYLG2,0,-0.824506068248,-0.146199610832,-1.86535126882,0.88255670382,1.73957582142
A3ZSIA02VE6KFIYUF,0,-0.921303386199,0.70787806472,-1.92796658104,-1.78234791685,-0.298887477317
6IDZIFGD7LAX9WKQ2,0,-0.541173294662,-0.652929187497,0.742501923793,1.11929849636,0.270442503836
K8DCIMV67N5LABMDO,0,-1.67259430923,-1.37642641012,0.553158876845,-0.839250986569,-0.713830825311
0OMQA6BKHHMYN0NPF,0,0.11218201518,0.170727440396,-1.63383273289,0.0327358747301,1.30654752334
14M6PO45APDUQLMW5,0,-0.23816150787,-1.17457366786,-1.16010238884,-1.70816046508,-0.34238824332
OXAVOBLDX6AKS1MZI,0,1.31382326387,-1.1656542071,1.1294243343,0.897876401201,-0.704913617881
8NQPJQDOJQMN81LEF,1,-0.402950630936,0.175243592882,0.679308318292,1.17959691991,1.22026622739
RT1XIYM87KC2D7VDW,0,0.226827319921,0.535380298108,-1.62720577911,1.31298702089,-0.263255098045
7BGTNMPIULZ3F732L,1,-0.360239695146,1.1111529542,-1.22488827808,0.670238242488,0.888067926421
IV09ZUWN40JXUNFJA,1,2.38266613583,0.0315429657814,1.75415405993,-0.42473877344,0.77748538304
OEEFGVGAU2OOESS43,0,1.20792481363,-0.344910891835,2.31999382776,2.62703864498,0.541090274887
385OH0GSL014QK5NE,0,0.625303355498,1.07333071231,0.753743310868,0.807415517404,-0.305545521056
KN5UP91084OP26SNF,0,0.793373923296,-0.0356589211716,1.03290948315,1.30031700869,0.275242250858
YITWTL31BDNBTOB1O,0,-1.67215358565,-1.97168058191,0.593171490856,-0.361949031356,-0.537912009387
VSHZVWVI7QRCTOAK6,1,-0.673815000055,0.855908186156,-1.40916112294,0.496967097482,0.0270881530417
Y3LMPDCH78QTMIJCB,1,0.359511221508,-0.125446403824,-0.926159701664,-0.81755361411,-0.0161475205028
RA6YZT417I42DGVJO,1,0.39773238406,-0.515399014187,-1.0255988542,-0.688314364016,-1.65271051366
X97TNKI030L0N0CDJ,0,1.36871002014,0.0278928525626,2.10620722607,-0.999571456819,2.34741052048
3FJVS3GTYTGY56WNA,0,1.22536900143,-0.290135216195,-0.0968708421576,-0.575212022133,-1.3907544418
9NXN9RPR7IIVV36GE,0,0.111138443872,1.02699397813,0.347268719304,0.939740848884,1.37311191883
534EYAF1YLZ9L05JW,0,-0.737393022446,0.170866152776,-0.217882866525,-0.756933775039,0.664231171382
K15EPQYX8UHVCYD97,0,0.407976341368,-2.00542351359,1.90275564001,-0.580718232817,0.472370245065
NVM8F47K4NB6NNVS8,0,0.247549664873,-0.517499090188,0.971537381741,-0.213875086574,0.165615108019
1ARWTH9N1HSUB3L2Q,0,1.47277119652,1.80562151541,1.25798587393,0.641162194188,-0.550789371444
UHYL02PY73YO3H943,0,-0.711277124363,1.10964708528,-1.44285015655,1.14202981724,-0.940432821863
EUXP9IGGBJDCWQJUX,0,-0.174133542304,0.801863801778,0.947210753558,0.951083259703,0.00422947835125
K2F2W9EFDA8KN30X9,0,0.580573780768,-0.970745011887,-0.0569974836022,0.46421116883,0.0721961911542
D93TIKBPYZK696LDM,0,-1.38166810947,0.167647612573,0.504849090626,-0.947367056811,0.666296784697
SF55R08QAWYJ25GOH,0,2.57989521859,0.164215444055,0.427910786382,1.05979360434,0.983402166744
YGRN3AXVCNAZ7WNK0,0,1.27735258609,0.60467558248,-0.257064081044,-1.1481819115,-0.341599558875
VDGOP04AC913MV8Z8,0,-1.19520461713,1.18071935221,1.38161216939,-0.674225896042,0.196584099161
WT1KX02NMCGGTNWYZ,0,-1.10345894567,-0.656000118991,-0.295123051396,0.711781291437,-1.0360768306
70YCRIG08IOZ3Z85N,0,-1.3406193133,-0.945998508637,-0.184885395679,1.27844048881,1.94877854685
LW2HYVI97J6S6NVIY,0,1.00691410044,-0.115511522886,0.51891120134,0.827464438778,-1.89520595229
1AEZ2CR5YQ2Q47FD3,1,1.43426453038,0.136263516153,-0.623331524877,0.912018264182,1.56260680084
PN7GRPQZYZWT5R6RE,0,0.343710474571,1.36685093388,-1.66529144917,0.159521147358,-1.02026625978
61QL2BBEC2B8IQ7MH,0,0.516792827543,-1.01657190222,0.437241087147,-0.380236157856,1.41333466154
TN8M4Y45V1DV7LZLS,0,-0.0414858976127,1.64462022652,0.776874847077,-0.111237853739,-0.209147287368
9GFN6X08MNE9CCX6R,1,-1.84539849906,0.757707023587,-1.44631206244,0.431090237755,-0.733149023902
GNJE4DGXLDHUF48JZ,1,1.02009784362,0.102289367906,-0.891462190238,0.122600914651,0.857851697507
U9Q66OCDW68IF04M3,0,-0.0451411856518,-0.515809844444,-0.0107269561876,0.797269233271,-1.92271747027
N6M01TLW06G0LLCJD,0,1.60298956294,1.01143668524,-1.44205385259,1.48022450687,0.79175333354
9B9GYLQ5UNTC0U2Q8,0,-0.0898449350375,-0.836437700713,-0.733960289978,0.00417336352735,-1.24902719515
396LP38A7R9KHVVSB,0,-0.995641651875,-0.233339200544,-0.147511448587,0.331784804425,-1.62537042588
NDOL85HH6WNW1AL2K,0,-1.12800171045,-0.492782497229,0.611788659971,0.321525042195,1.83432097443
0BQ0QAXALFUAY6SWT,0,-0.947548397859,0.767400114609,1.69332688495,1.9182942278,0.563167644497
B7I76WE5FFHTXV8O7,0,1.31661735681,0.79906393153,-0.456565817603,1.80728006612,1.95121522313
TH8PUFPZUH0SAKEJV,0,-0.432316113316,-1.096824612,0.592118945142,-0.200816243406,0.268013819269
Y74L2MAQIJAKGB823,0,-1.33879435665,0.687849543662,0.570288143139,0.729163204178,-0.0104142869185
V6DU0GILHYQICO856,0,-0.918377979218,-0.91785013377,-1.52160140685,-1.85765625965,-0.685135984219
44E3GUWGFVUGRC3FA,0,-0.423255926292,-0.731117862286,-0.897438173103,0.873307100525,0.0660814395433
GR209JSIAJNSLFO58,0,1.56891473733,0.793241204996,-0.572635601982,-1.43287844381,-0.360231424913
UK5GZ9Z17WEW9A8RP,0,0.840998350437,-0.840841637349,-1.35463958689,0.655622236106,-0.733931591859
QULWZBJZ87O2VOQL9,0,-0.385637901238,0.611068225557,-0.996910416522,-0.957380647476,-0.326559640684
DJ4YK6Z0JTYVPVP1Q,0,1.16067148537,-0.189238276726,-0.175015874135,0.18227545704,-1.19356661679
RHL0SKMRUBG79FREM,0,-2.55187504808,0.751816125616,0.475238817578,1.10422420146,-0.683930042161
H5M71YJI5NI1LVHMD,0,-1.71602848725,-1.9431046251,-1.56153505645,0.134888031009,0.75988419257
NA540NSGKUI6IYQ03,0,-0.771294787438,0.406156618428,0.391316045762,-1.04862005832,0.325818759522
ERQCDF0PGCL0P41UX,0,1.25503365224,-0.287015679255,-0.200663754396,-0.243852106653,-0.0149091555142
JEZRYY3B1LZB5LWHZ,0,-0.93824869541,-0.693189110109,-0.215855956291,-0.802911590654,1.08042536328
Z5J2HNUJNWFNQNBZ0,0,-0.251574588809,0.00695900565029,-1.67064697565,0.207292258058,0.904618515759
M8475O0RJ3CYWN94N,0,-0.645410017418,0.3639516023,-0.00488393889825,1.4049386146,-0.707079038242
BIDZA8K19S0YBHC5B,0,0.548454032329,1.02664915405,1.62969610771,-0.837833666282,-0.339480679265
VHKOUYKWKFUVYBV6I,0,0.436899193815,0.0756356693762,-2.67070135506,0.131883739659,-0.930063016145
TEGARY9ZDBB1O0GOW,0,-0.925612726852,-0.978548302392,-0.083288407905,-0.252140846186,1.70104151064
422AZZPE5YHKGW07F,0,0.116712995784,-1.56547645119,-0.636315991303,0.0705900672739,-1.96189027025
W5ZHUOFGZ3A54QW7E,0,1.12864624197,-0.664844601385,1.14767444308,0.655481045237,0.276058368475
ZJ10DJLHQX5ATI653,0,0.636769383543,0.247503548801,0.39613059967,1.77842102713,1.35304500661
JM228NMYHO2DEVNSJ,0,1.04176306547,-0.274659925214,-0.743226803801,2.63538807478,0.138487609507
K54HG07S1AMMW0QJE,0,0.78500254371,-1.29992927205,-0.391353929222,-2.60318877454,-3.36151452915
515MW76H3PVGG5UN6,0,1.64778072928,-1.55652194064,-0.559380541649,1.42775228671,-0.366558347219
R1GY16ZGCHI9ZADQW,1,-2.06109523272,1.1047101654,0.153824086552,2.80869512802,0.231107953599
REH4AW3F8G1Q3K7FE,0,-0.480502181056,0.745332676245,0.245153850983,0.61974507142,-0.862533966747
953PR1KEY04P989PF,0,-0.303382474098,-0.55243736501,0.599672066288,0.0232039468854,-0.0572822702584
XLPCNIY9Q7H579AZU,0,-0.942363066256,-0.0350738552603,1.74431350795,1.54513608112,-0.257752459606
8GVM00OXZQVM0XUXW,0,-1.41839160033,1.07827573618,1.45430934547,-2.57237403902,-1.42127142862
U9JFJBPVZIM4UTKAE,0,-1.9867919915,-0.0840380604788,0.44461109386,0.350854909699,-1.98569850298
0NZCY3TDHRIA9POVS,0,-0.944219838283,0.126264998799,-0.553038694994,-0.591650173499,-0.142931368661
RF5GO30VTEC3RS77U,0,0.151168994956,1.04532213536,-0.675006416762,0.429746261959,-0.188442388669
2VLKS24K1IWOMQOSB,0,0.86430529584,-0.182281500681,0.0456699472184,-0.936839570363,-0.793197350579
283TI4L9SG0X90AMC,0,0.19857080602,-0.213335089058,0.498320221848,0.800786718712,-1.29655125719
FBSJWJEXGL8LOXNDF,0,0.210475856139,-0.561555390869,-0.894005569621,1.02322623317,0.67366239737
IS0NXVKTJ4Q380IC5,0,-1.19607686037,1.23660736638,-0.0463558685919,0.733129351999,-0.381794769387
4LTQ59MR4U6HN4GN3,0,1.48024730294,-0.157061766565,-1.16791525594,1.44643131809,0.0963233389898
PHYOD1R601YTG6NFK,0,-0.171628733837,0.0783695284065,0.44158530829,0.359834146499,-1.5854221426
TG2HPS5X4PFUQ307Z,0,-0.23156979384,-1.07415680825,-0.118916571628,1.39313111371,0.732749618988
VMNFUYSN50W1XLUF4,0,-0.668573942464,-1.68004689684,1.94425629803,2.0897574045,0.939725296854
6JN7GYNE4SU55SGXN,0,0.187755981305,1.75025709546,-0.63417323965,0.690701859264,-1.66595751156
WSKI5GABUCI2A7O8I,0,0.647340954467,-1.08189358031,0.388469312602,-1.09343235297,-1.27568835646
S0O7OKBFFS26O8UYZ,0,1.87205261657,0.280733170169,-0.718372532945,0.0402223933315,0.549701388906
F29J590RSK7HRP2LP,0,-2.59914584657,-0.119383922816,-0.49211793368,1.45685383696,-0.20296725668
RYZSVAIZ03NAIW822,0,0.542231987588,0.0575407733963,-0.334703320684,0.352042047792,-1.77301931206
AXH0DX1DQZMNOA261,0,-0.594568995519,-0.747034597683,1.93964053447,-0.0984338987334,-0.833758637026
RV0AVZL5J0T71B5HV,0,1.88362118031,-0.265954572699,0.524570345216,-1.36211846099,0.577613216686
E4XUCDSF074VJMV6E,1,0.415196327337,-0.0170989655658,1.62563457545,-1.45167994914,-0.194658991964
DPNQSN37P0S83ETCZ,0,0.364726271715,-0.648450482496,1.5327203336,1.37639104117,-2.98582939452
CJB6RV81CK3GYMPPE,0,-1.79511223354,1.19129170206,-1.81422151935,-0.114286266586,1.40557537541
8Z64F9TP9EU29ZYGM,0,-1.41310685432,0.164161297142,-0.396060393609,-1.16553869465,-0.940270367301
PD46U55VE864CS6YS,1,0.641585213367,-0.267543775179,-1.1513787528,-2.18153599232,-0.191433430264
MF6R4UZCMVCQRYJ20,0,1.05993205145,-0.537889158105,0.329289586024,-0.00185992182648,-2.57173611805
7R2WRM92252ZHDL8A,0,-2.12284819833,-2.12764688519,1.01504269794,-0.134643844016,2.27621462976
91H82DTH16SG1Y3JA,0,-0.091958099206,-0.596317732219,0.723074790294,0.882207291151,0.938455909719
5CZWL8WTZ7PQWLTR4,0,-1.40553933951,0.111340051221,-0.350640438578,2.11535695351,-0.00819864550137
SDKY6GGE49VCKAOMV,0,1.15871228635,0.828153287007,1.97859637089,-1.68678222692,0.0548612209761
MHDRH417O1YH8OPIT,0,0.313994221291,-0.146929182754,0.164733341413,2.13766498872,-0.306179898731
YATC4V1TYII66G3UJ,0,0.719007929072,-0.350798571762,0.554628752715,0.807139389904,0.124550155445
M4KJFDD4MDY3J3V11,0,0.525547653637,-0.905585822707,-0.0981653814777,-0.0510443493967,1.31379912521
R68HTBXJCXU8PZFDD,0,1.34622408312,0.0482746180599,0.85790669704,1.16917055649,-0.0514236759638
RUGPV5SBZIVKSNP8M,0,-0.277703043544,1.39377658294,-1.20107730017,0.923749863673,-0.128740667065
O0CT0YH1RZSD5PYHS,0,-0.494210233316,0.71799174376,0.196178507703,-0.217816681813,-0.356435367473
65L505Q0RAF2XWIWW,0,0.395389934969,0.40377855371,-0.98095972954,-1.71757864681,-0.858395013962
VMWMV741258IXDL5M,0,0.942890721645,0.721220299339,-0.904218665159,1.17400857063,1.78020412029
PL2Z5EAD9BJ3609OT,0,0.732850583182,-0.00156741993001,0.288931710464,0.368039839985,-0.758112846807
XZ2NKUH1F98EEQ4WN,0,0.855968691663,-0.0355854875201,0.860207933971,1.6807185731,0.752360619104
81C9QPQ1S6YF5RMO6,0,-0.701616833974,0.237322911283,-0.914082267731,1.51821876176,0.292808666067
OLKHOQOS6W4NX9U62,0,1.37697802961,-0.554917326236,1.387741159,-0.325783466738,-1.24814613709
QF0WZTBNJ5S76PVL8,0,1.24966922871,0.574786400438,-0.18615225147,0.381099415653,0.987639239475
P4182ICH22EXD6958,0,0.369502214614,-0.147131133431,-0.337713993025,0.788441716358,-0.475310564883
L6UYZEVMHD16H6A1A,1,-0.685124219357,1.73907228954,-1.34172107151,1.54267415094,-0.121689570018
Z8297R2C2AIFDA2G8,0,0.517156918906,0.222176109966,0.339364709218,-1.98062736947,2.11612019181
WWVYKMBLUU6RXH1PB,0,1.69649007254,0.998800892872,1.17305843956,0.54264594851,-0.779865395735
F11U4JBWJA6TLKRNE,0,0.186646154346,-0.791408263752,0.207119671616,0.580736796943,-2.03695981829
IHJ1IVT14ETN5AIUJ,0,0.923128911751,-1.44264732082,0.33769338191,-0.315026676253,-0.460640397581
GT6W7HEC8OFMTVWFQ,0,1.36605440272,0.866356665634,-0.00717758918244,-0.857840653746,0.437509645526
HOQAP9XJB86P00K8X,0,-0.376150660234,-1.55747932684,-0.522288061824,-0.344296946553,0.683750411679
BH5EBRVK623BNQXJ3,0,-0.91322426989,0.272913406045,-1.37503034251,0.00396700945252,0.925958786568
I3CD0BZ5NCBPMRBEH,0,1.46868946792,-0.047473872834,0.465432733996,-1.86497130271,-0.690752428149
AW484FBJ6S7FO4K9Q,0,-0.226946185068,-0.74979234429,2.312981116,0.455408279285,0.78182133568
KHE6GKTD4ZQ3HTMVP,1,-1.99886892643,1.24971198461,-1.2319301442,-1.40871070366,-1.21361660544
J4KLYAW3F4X0RLW5K,0,-0.470690235532,-0.848073259956,-0.33096535141,0.0565789295031,-0.399121796033
1HVEK52VXK42LP2GU,0,1.44664386269,-0.884199790618,0.0137792522299,-0.748225730491,1.37011783695
BCOM91YAB953FW56K,0,0.0418589700781,-0.377106265206,1.01057579775,-1.05806932064,-1.23300408348
C8BC0GN2M3SD6GL8R,0,-0.125958849988,0.186029381153,-0.450013235101,0.307509806353,-0.862609747713
GQ51KRXN3L3HR6WK2,0,-0.29009094461,-0.903788552018,1.68106903264,1.3586913724,0.648740717888
5WDIDKTB2WB55FX3H,0,0.332691563212,0.166391910052,-1.83065376094,1.54673835752,1.36901431213
9LZRC2TZZEMNRVYQK,0,-0.259554596159,0.147805308745,0.935148900886,1.47757321391,0.0025616848134
2GSLHE64QS9VS3290,0,0.575573121877,0.129650520662,1.00578903268,0.459865167573,1.48870761129
CF86DFD75RLHIJQBY,0,0.038885148773,-1.50252524148,1.24847822302,0.52983996577,-0.451764173062
5FTDRDB1TWZWOOYP8,0,1.91931522478,0.363109263125,-1.95934509368,-0.571495177311,0.142553437572
41KZUKQ1FXQ2M3B4U,0,1.30119911489,-0.780263944857,-0.549960783167,-0.165483281351,0.192233368632
HSEFN78K0VAKI1GLH,1,-0.767448198773,1.39059594742,0.120622978759,-0.132052160813,1.28915712339
2SMJGYYCRRGBHNP6F,0,0.991916248726,0.67944921573,-0.435006881063,0.319029773584,0.940297135177
NBDILC52ZBBYPA8F2,0,-1.88509704757,-0.112630470585,1.24089965419,-0.172162309165,0.101020548198
SJ16FYV1QY52AP69M,0,-1.47563532262,-1.68629358258,-1.16838044884,0.775548203938,-0.554892052632
2A2M26U4GVO1JMWGC,0,1.74047978708,-1.57141537262,0.00355174858296,-0.345979358876,0.911439699178
LS78ZGB987NDHVV6O,0,-0.00955615311493,-0.117125997993,-1.31429361956,-0.0475161474926,0.600097340302
I9B3RGQVMY7EF0GMY,0,-0.667939383892,-1.51052806036,-0.896081061019,-0.224280718434,0.546129902748
XH6ZVRFKXLFZXIP9D,0,-0.424280095044,-0.777689784086,-0.345646476228,0.91454735468,0.60336475548
R9BJGT06KLHDXYUND,0,0.902159303307,0.535831667192,-1.33587863204,0.798682992454,-0.998141349575
TOOAOPD62IAG2WK1C,1,-0.263687129945,-1.04245303391,0.454750320166,0.0527324847703,-1.30495920327
S2TUCKOHQXXAE53GK,0,0.29216226544,0.349775827699,0.469403986752,0.444218490192,-1.11748621295
JP6APZYPFE2KWJY9H,0,0.42053047585,0.618236236229,0.204501559934,0.0722881536168,0.647228848875
3GOKV0WAFUU8Z1ZJ3,0,0.164683004956,-1.21094475697,-0.672360676972,0.716940639335,-0.111648323889
YZMXETATRIRCSRZS2,1,-0.274895523896,-0.164625205063,0.168693171626,0.840407852302,-0.728856960173
ULZ77IN0PJBR503BQ,0,-0.0179764124933,-1.75071052818,-0.414281688605,0.391418713362,0.203159577804
YV8HRNLXYR17ZLSWJ,0,0.365460731996,-0.397325510555,0.696050870551,-0.725889941796,1.34542284303
4XL1QD6NQ9RTO1H2K,0,-0.854473708501,-0.232904540022,0.691636576063,0.416922566969,0.308966979155
8W9P1M0YK8EDWAPAM,0,-0.498328911735,-1.45847893117,-0.0677166299131,-1.77201275748,-0.263913424796
H5VI1SRRLIGUTNXIR,0,-0.504387152216,-0.65236620154,0.851805691171,-0.463594191596,1.66307855468
23KEJY0WUY188TM2O,0,0.299778284646,-0.319662363052,-0.278612138646,0.0541099442262,2.70046982028
2RDJPM28GZEBHFRM4,0,-0.543068386816,-1.35275623497,1.33859925365,-1.29013558015,-0.926226818415
32BGZC05DKB4ACZY8,0,0.461575552178,0.271085490369,-0.195986610219,0.750634857903,-0.227209224067
3B3ABRE8D9FHG8LVQ,0,-1.60395466968,-0.390433516113,0.343974804801,-0.0994786973441,-1.06229885672
BXLKA2WHT1AEFVZUF,0,-1.44781454807,0.284677152239,-0.747769671906,1.25516578094,0.368183857688
BM4A2UWS3B9O8SLQL,0,-0.528644053419,-0.852446381432,-0.290358203219,-1.57515641005,0.554519267005
ZTA6DVB49J4XA7KBJ,0,0.855586996288,-0.802999324031,-0.766185840637,-0.0766685968806,0.874083824158
5FBTGKJMU6KLNVW44,0,-0.27318247155,-0.539110459349,0.297315513508,-0.385942972712,-1.57105616282
6LTYJFFRL9YNYH69Y,0,0.00122126378798,2.49107354882,0.948373154768,-0.717934826394,1.82624645053
O8R3EWXGL7CNCR32F,0,-1.76931839518,-0.249705294454,1.04824274723,-0.0794782057978,-1.11171795607
57BHOYYM6565EWFRT,1,-0.70184541405,-0.0405517378807,-0.127854149226,0.25252573089,-1.66493403236
20K3VEUVOWGUMSHG2,0,0.463703487108,0.48466162797,-0.873785096001,-0.845059251557,-0.173380357335
WI575CMG5MTXC6NZW,0,0.868368310543,0.455422270369,1.3474777104,1.152282312,-1.78193704853
5WZZLM0URTZXUWDSZ,0,0.227338451307,0.516267636176,-0.499017013513,-2.71085596076,0.830061877907
P6S0I8OGICGS3BJ49,0,1.40644738371,-0.751764968092,-0.343779592816,1.27739233544,-0.270587380665
1YCG58JS1EF6KFCLS,0,-0.583067910447,-0.39315858588,0.16131582367,-0.77094624315,-1.09277883404
ZYVXSW8IZZNCCVVTS,0,2.65944070483,0.991474292991,0.150794910748,0.40781200158,0.181085579544
1EY0P0QE160E1S0RM,0,1.19560741691,0.695049373289,0.695037521734,-0.926697413984,0.318443085577
U1SFICNS9ZY1JZIZ3,0,0.680278202562,-1.16088389864,0.284602003214,-1.14631492309,0.0491547896543
XCEOMXRSS58HZZKLF,0,-1.44251177588,1.3916380842,-1.25818994886,1.93515928393,2.12793881332
S1TNGY6CALBW8SXJL,0,-1.16685028446,-0.843826570237,-0.168669461702,1.4440686344,-0.426788918437
9BWEJ7781GBV759Z8,0,0.622469221966,0.692888878694,-1.13520528115,0.651103296709,-2.60334467353
WS8EE113OI8C5T1OC,1,1.27731060989,-0.106770555582,-0.225031949598,0.461663473465,1.37670454467
DWMIN005MGUS1D87D,0,1.51329267568,1.25615614548,2.040077346,1.49747747156,-0.585389495866
OGSK8BUCMV8CRD6MV,0,-0.220158115203,-1.35506752042,-1.10905199471,-0.997941823022,-1.23970519399
N8KH8R59CI1CDSL44,0,0.623161466278,-1.10138948619,1.1799570279,-1.63939188091,1.50822638916
CIM7ABAP2IUQV8UK7,1,0.312221268953,0.209229744594,0.579911184675,-1.07575769497,0.213023351315
7ZAAUXXEU3X88VVNX,0,0.826458757935,-0.506337092378,0.586324341232,-0.748567269163,-0.176885912833
P91B103FWDGTW5C41,0,-1.9409007434,-1.02994648602,0.0607606578181,1.39745036972,1.25580489104
H80TKG8OXAOL3EM75,0,1.91158442804,0.773690355679,-1.17217388767,-0.408543246846,-0.431738308708
NJ1B8IS0J6LUJGYSJ,0,-2.57266165275,-1.91921244556,0.45442367377,0.376016892024,0.410830337789
J5NVBBY6SIKH20NNW,1,-0.16675923415,-0.346898290294,-0.923382237462,-1.09681142039,-0.371040766691
EHMN67615TUCSL5LQ,1,-0.224085898275,0.0740980768973,0.547838758879,0.86722440247,0.861455512066
7UFST3MZ0U00VG1WU,0,-1.44480595387,0.192200598065,0.574377362598,-0.909906640719,0.278249800998
70TWX5SX4PRY1GT8T,0,-0.985521871423,0.00553556677766,-1.46398481721,-0.93651548791,-0.897465924785
9SUGDEG7EYPW2SFXF,0,-0.875144767162,-0.0309374845538,0.699465641692,-2.03929692775,-0.083734299657
84MX2R08XBIL8H8OL,1,-0.924574591025,-0.0581907601063,0.864573986582,0.133333939975,1.66894851545
OWTIH71KV8TNPDMLM,0,0.331672481913,-0.232212887368,0.913424689596,-0.119346032443,0.421005041099
9SESFKKAOK28TTVMI,0,-0.959438410026,-1.48255496006,-0.108811482868,0.215486660696,0.395238715474
RBK9493TOFN665Y03,0,0.667167713084,-1.2529540172,0.126591428663,2.77671504481,0.636326752448
3XSC2V07MO426QEMV,0,1.41803417818,0.115544538612,1.58989942266,0.043384504827,0.523237450614
E5BQUSTEU5S9PDJBK,0,0.589409113893,1.69203707129,0.650340402181,0.757469268128,1.60132093185
GNC73HDWIO0QMEEZA,0,0.00473144420843,-1.12941282403,1.19130678146,-0.726283618195,-1.72045450249
0WZQ4IV2TN25BKXSE,0,-0.232996295886,0.371425246405,-1.79463033784,-0.730550390363,-1.26650319402
6BM7BA2SNG1KMB8Z7,0,1.14161151774,1.85866145044,0.713228639848,0.659213712158,0.13400630019
N958VTRXHHX1HG518,0,0.233708596219,0.734365890392,-2.50324925207,1.60738830213,1.6969234084
ASSV8F023PX78JOX3,0,0.699142450186,1.73370166744,0.244622925706,0.77180961952,0.349466293852
MRMEBHG1F1AQ54SR9,0,-1.38395211806,-0.344671809299,0.41896667297,-1.65024775346,1.21615474357
M7GJ7FJ5MFFODID3N,0,-0.257471258824,1.08893845987,-2.37775368417,-0.503679697027,1.73342089034
P9NWECHMKIN6VAZO0,0,-0.484099737428,0.425174348529,-1.29257923477,-0.149344514581,0.876026103753
ZP4DLPYGEX67875LT,0,-0.765631557653,1.55834787606,0.946670794611,0.331089551937,2.08572649254
2328GANHNZGKIELTK,0,0.150393523358,-0.672831391904,-0.540290225891,0.278027901773,0.614112583592
BS84QBX70H2BP7CN1,0,-1.63356232431,0.428014921666,0.325051973371,-1.24880327626,0.0864637654057
ZGRBA77HLOWH9KKH7,0,-0.47102349486,-2.12425674978,0.100770299343,-0.798102109117,0.791136650634
C3GJ3ACM2BWUZRD87,0,-0.0742859011261,-0.0441497777762,-1.71099815129,1.63089017564,0.726527583281
PBEF23AH3S0NF1PZN,0,0.496491163585,-1.06965360282,0.699188899983,-0.692686304895,-1.36964809533
4LXI9K0H98KZ6B4H7,0,-0.465518603457,-0.327318242789,-0.326803194443,1.20842404417,-0.547463599007
T3USN19PIJCW4PBDG,0,-0.195983886679,0.0507598364853,0.828272042303,-0.951719183713,0.0125672706497
2TP0TR3GD3VJ5KRG9,1,-0.65204940646,-0.536466892584,0.495949479741,-0.159719842264,1.69675722726
QMZB4CD1JARGCZJ72,1,0.0530881198001,1.94466532209,-0.841286126685,0.876104067112,-3.44839482394
0XPJZ25YTMXC376JR,0,-1.54311228775,0.859098194249,1.09685272103,0.727664902238,1.60673301629
0QCU1P0SV6MJQ79U5,0,-0.137299555728,0.0708490702113,0.377524926711,-0.861952356223,1.0633956953
0PTYJHT45SDQU70FY,0,-1.18606050033,1.31718191952,-1.32939196675,-1.04786607172,-0.240771640623
90R3AAWCF9VV15GHT,0,-0.109671666006,0.809199305423,1.02452735798,-1.09249888556,0.0966069799132
9FV72XCSA2B07T96A,0,-0.701548142595,1.09703442374,-0.581952132243,0.652229431132,-0.32413243479
Q36HTXMRM4QT4IFVC,0,3.10132323836,0.808670419857,-1.58812738232,-0.484151717421,0.782727128645
E5EEB09RUW804655P,0,0.108013945804,-1.59694535207,-0.00578272617535,1.03677350378,1.56852693206
2QF80AD3RZ7D43OS8,0,0.214864474333,1.33933921352,-1.22550044898,0.0448094480315,0.612759643546
6NYVA7M4CS4F5JR0A,1,1.4292743146,-0.401437919477,0.404605440166,-0.705184965266,-0.913659550546
AV73KON6RXLX9DDT9,0,1.47654092164,0.269783067162,1.06251994374,-0.386151444895,-0.920898702303
BOWXGNR8XJ4FEJ8NO,0,0.0473561834055,0.227864571544,-0.414594744702,-0.386895818888,-0.0359242184057
FCFD586FJHA1Z6MMA,0,-1.12661921448,1.8227780874,0.146244178132,-0.892038111751,-0.215447922717
QWW16RSRZV4918XC2,1,2.71348279282,-0.782280909192,-2.2551921771,1.08947489131,1.3048189413
ZLEIAUPYS8ACU3BCU,0,-0.960459008736,-1.54780742538,1.20078916794,0.552716450242,-0.474031480403
16VY8KRUBV9XLP9NJ,0,0.99743963514,0.361545639051,0.918781869935,0.460307510326,-2.13442762455
HOI7ZZLJOCQ6KGM3T,0,0.317438366294,0.623983225875,1.74980813519,-0.420456620465,-1.20577625001
YWQFQTRWD9WYE5IG6,0,0.761755026497,-0.422879764471,-0.276475895148,-0.0976260048326,0.0306699620876
DM1PL0NTFNKFSW44V,0,0.521590034532,-2.41254749186,0.132693467095,1.04277900909,-1.11266168658
IKPTCANF9PT9NC4LK,0,0.584977516434,-0.259545228793,1.07693058956,-0.349470762945,1.35608302055
2NXWTAFE44ZPHUZLH,0,-0.562319371914,0.159487970193,-1.36842163976,-0.535788531639,0.00244883507479
AE887TVKAMKSCEMND,0,0.800229891335,-1.77534327329,0.096173487775,-1.21401412431,0.897989967134
9T0OZSBSGGDOSWAOO,0,-1.16928723239,-0.548966788544,1.74531100526,0.264252766932,-0.529588758469
KOQSM4IRHO55GT72D,0,-2.00712598431,-0.262019879811,-1.46935937247,-0.656297308352,1.01634017634
DIAMC1SXIBTXBUMBC,0,1.16060875108,-1.33293761785,0.548243851585,2.02762490912,1.32582500122
AYHKKPCPEU72AI516,0,-1.32332379398,-0.373130094495,1.64344899192,0.0297542529952,1.59405518443
TO52330GZIX4EOBTK,0,0.887600880627,0.889946409987,-0.656815765619,-0.615488862488,0.463300878291
T92B83IDZ8PDIIH1F,0,1.09176264665,0.704243697759,0.477003947437,-0.55781362251,0.634284150571
ZYYQ4NZWD3X98MJSX,0,-1.25433832985,0.712169169587,0.360706136846,-1.59451979475,1.51391043173
XTE6G7RF6USZWD80L,0,-0.136534611229,1.77714484135,0.0175819950541,0.223227303033,0.301142182228
6H5QFHCH7H13JOT63,1,-0.703253074207,-0.488956943322,1.26134859296,1.112691492,0.763732163464
HL3GUMBWBOOM51WQI,1,-0.849406358951,0.243837215394,0.0802147734553,1.44844857182,1.15332363659
L2BBWVKLIIM4GOJFA,0,-0.191127032514,-0.132033615993,1.53862701994,-0.194978997892,0.531592860481
9QS2ZFCF648Y1Z88J,0,0.797521567007,0.0896128219012,-1.0447308859,0.685567166027,0.0830519025688
4UEGUKDFVEXLMWKPR,1,-0.504392123949,-1.0418293881,0.15156783259,-0.7486064316,-0.757311472751
HVZ683HYD7BGPCJZQ,0,0.652206777211,0.458070012471,1.71638758273,-0.0938611252287,0.821789244837
DEDG3Y7Q9IME7NREE,0,0.868839725986,0.360223641583,0.684859425017,0.206129895007,0.461530323592
4GRDL62BAXBPDWGFG,0,1.28650635648,0.0575981624646,1.15158123326,-1.53264379487,-0.784883870232
NK0VWRM667IFN8RJ0,0,-1.45301965564,0.294400899405,-0.0118655163337,-0.958206139158,0.486998550411
XR522LS7B1WNJI6P6,0,0.445068547748,-0.746720167717,-0.929450139065,0.756455388445,-1.30598550063
F46D1XKT7OM3D2EI3,0,-1.59370736957,-0.817328414245,1.41421165546,-0.743384925378,1.65737651322
DU60CK7LZD57S2UM8,0,0.323481085428,-0.831148666259,0.270131173565,-0.757962875965,0.0382842352153
GM5LLTUFSCU2W7UXK,0,0.146980565638,-0.73807644548,-1.48229573258,-0.787026089582,1.69452378983
CINR92FX77Z9YJPYJ,0,0.431193930046,0.444650429532,-0.674573605771,0.384650362033,-0.471405641702
OJ0KZ763PWEE3MDJ1,0,0.701954046342,-0.0373612430506,2.04631101656,1.72449358279,-0.284454109954
3QRHE6YACC8AQV5MT,0,-0.169497365729,-0.0242874367019,0.0328471165023,1.10995402618,-1.09061697097
L6QFYXWLPF730UBEN,0,-0.414053240335,0.568473260911,1.57011055949,-0.333750906721,-0.0826215913746
P4642NNQ8PYECA608,0,0.397662614603,0.742962761621,0.239667613558,-1.43305532631,0.00692404334393
Y32N6KUFFCWYNEUUV,0,-1.26222002248,0.951017150873,-1.61945867628,-0.281709778459,0.902741630451
QC2BZFCGBGBQCA15Q,0,-0.547720622206,0.870124298567,-1.16944557095,-1.58002041779,0.458925696971
AEL420XRMCA4MK9PA,0,-0.832780049663,0.10490780488,0.0796947063802,-1.72623946092,-1.38382791987
OWKRU2032QFD48TAA,0,-0.97604317735,0.642671527889,0.879783328233,-1.16805263238,0.0310815881908
1AXBRLZZRACADPM91,0,-0.0147714525103,-0.444751470362,0.0887046994532,0.0861987550389,-1.62584558371
O22GG6855KNJ0MRSE,0,-0.67583949123,-0.995786733241,0.275826299139,0.154746752465,-0.159936737539
8IRXZU04AQU27ABMV,0,-0.139581596361,-1.10933735865,0.70836624979,-1.44637738371,1.93501463208
WMWKOVOITKUEUULMU,0,0.815013546173,-1.83415717859,0.368676503159,-1.72564339222,0.582219226456
PPM3BXKETYBRN7LBU,0,-0.200996886724,-1.49792511994,-1.22014013601,0.181343395532,-0.0912382012093
AVX7FD98P6GWDMM8M,0,-1.04840158705,0.805947560861,-1.94132236292,-0.248567537257,0.766397542286
YAYQ88S885W6G0HN3,0,-0.0348880621612,-1.40379811588,-0.0985275627507,0.620222636685,1.25340337237
GM16Q6I6MPGHKYQ64,1,-0.775298110451,0.0852133260631,0.608593706458,0.220553768844,-1.22432877615
QNMCY725USTN02CXW,0,0.192907679966,0.888884918094,0.974212054125,-0.572350311314,-0.726150484205
5HKW7YEWUUSBBNWLW,0,0.428356302867,0.0746883251308,-0.80244875641,-0.324193788733,1.21902478615
8E1M3BADJ6YAMAHIE,0,-0.147458875924,-0.328824504206,-0.315848176503,1.39224360802,-0.831952065506
Z17LLBVRJLSUV7CTZ,0,-0.393568352497,-0.0349957823469,1.0794124374,-0.44987615567,0.446942453323
F07HQ0EMQMW7ZGMPS,0,-0.670270080452,0.441254717414,0.610531188762,0.476160939186,0.564085498631
X2NI4BDBHY3K248CJ,0,0.0599006667824,0.39280013053,-0.381665450352,0.708934852847,-0.114634175296
JALB27V568BMME3P4,0,1.01388838968,0.0701758348799,0.485208555206,-0.433754187955,-0.261271839887
9HFA0T33UKVFJV7DK,0,-0.290237736598,0.371976055554,1.17580970163,0.0551320368813,2.22609689191
3GE3J823N2OTYIA9H,0,-1.49478481807,-0.238191184372,-0.134436553591,-1.04369349473,1.52710161126
USMNY9R06VB2B3G4H,0,0.222979667389,0.712686109341,1.04508519092,0.637273369605,-1.13732131127
16QP6UTNM7GKTJMZ4,0,-0.361868085712,-0.398623639355,0.461113792548,-1.51568522496,1.36759744464
D1WN7MLPEI4ELPWZ7,0,0.0897566728679,-1.87917444855,-2.86354880408,0.284819314197,0.684100355732
HVDUD8XVYMW27PMY7,0,-1.1807973876,2.2492184392,-0.0849696304438,1.88115782137,1.28085417936
JY5P793H0ZWMZZ1C9,0,-1.5879581278,-0.643956088498,0.536752949315,-1.68261673719,-0.657878151023
HY5T8VHHS4NI6HD23,0,-1.52463845939,-0.831122657205,-1.4883744292,-0.605742986283,-0.22965117146
EN2MAJ14BFT2FGQ0T,0,-1.39167892215,-1.06222649267,0.730502543589,-0.120178212,0.0634738096228
E0ADMQHLPRX2ZH088,0,-0.958873422108,1.09294190403,0.0659102585873,0.444723407127,1.16350246258
GUPKBY3R89YIA5DF3,0,-0.828011328225,-1.96231876254,-0.51728615133,0.0052315930811,0.886333969739
9MWBIG7ZGMTHBKL4Q,1,-0.88891373118,-0.0879761546776,-0.481166122954,-1.82693079312,-1.63424663627
L9IFLB9HOLLEC9GXB,0,-1.04492297539,1.40336903161,0.324864683439,1.1580197579,-0.219686117066
GL3N91XM3I252W0GQ,0,-0.414831188533,0.82682418234,-1.72452967118,2.07716250729,0.998216301082
7KBZBAPXWFFV1CU10,0,1.24367221125,1.41950969475,0.301667581949,-2.17544371993,-0.0956578873328
SNS0K4WXX1G7JV7GH,0,-1.25429602726,0.681732860554,-0.634080008189,-1.03251871409,-0.203044530293
AQV4PUT87A5ZAIHOL,0,1.08092052678,-1.50725257682,0.83202183069,-0.651072437209,-0.297835165035
BAU57812DK94H2FH2,0,-1.09849650598,1.79271871752,1.26473551793,0.1776312204,1.7540396028
PGSRZGIFINQF5AZKM,0,0.724041687576,-0.954893274462,-0.583173569871,-1.82913911419,1.06098821484
8EQAIT4ZYKI2MUO0Z,0,0.77466392496,-1.29083662496,-0.250130764314,0.167812161414,0.0974950143385
IBBQP6R7P7HYO1N0H,0,1.04233998208,0.742795712904,0.545419510216,-0.0967831179655,-1.30216098916
9N5Y9DXSXRER6R5HC,0,2.50149207037,0.910736493218,0.332839548813,-0.141809656198,-0.893921576699
PXNP0K9IVX51KAYC0,0,-0.969971263193,-0.982811503072,-0.811677550848,1.07303438644,2.65277412066
ANWSYPYYIN3X9ZF26,1,1.53548422014,0.191987640799,-1.2395846744,0.811565079528,-1.09355124027
0OAEDDHLOY6RUC2TD,0,-0.197840213861,0.832101146379,0.225476366473,-2.79197317713,-0.797272713412
922TH27JLODIIJUAE,0,-0.489991578228,1.48837003682,-0.142434091559,0.482593605301,0.366608420555
8Y9XMWXF83FQU3KJ3,0,-0.763995675133,0.0375404509888,1.01745643209,-0.234151578642,0.592782516865
ZX0DY94BRRS94EZDD,0,-0.106315178365,-0.401994226227,-0.432762989992,1.01998559565,-0.472510123424
F97IZIPR7XPAB4J8J,0,-0.276536699843,-0.59866644679,0.683542655935,-0.501718468155,0.83814964725
QDDTGYIZF399H02YU,0,1.19025814413,1.44701257121,0.0104088222715,0.24020182983,0.451024744299
ML1UD9WIYYTQ9Q1ZU,1,-1.10184283001,0.195339230718,1.31826180673,0.85366190226,1.71808750671
LS2Y53PNJ51YIZSBA,0,-0.0624647169738,-0.622170842725,-0.609881014786,0.457892104557,-0.620795132949
H6O4DW79SYBI8UPZ0,0,0.670535784714,-0.180987261352,-0.387508136029,0.176133955055,0.269475136085
9V0YTJTDJ37WTK2TX,0,-0.583526723095,-0.224719020048,1.0777580142,-0.484218361059,-1.42541157052
YSZ4V3ECSCMYBB3U8,1,-0.0633467880386,0.475704420698,0.805106860233,-0.835699386599,0.542399205848
IWUG7D7XVWZ0GS58V,0,-1.20785669275,-2.04994340916,-1.56245648878,0.0970768951089,0.57713204678
8G37FYLCYOMEA7RWW,0,-0.14103370273,1.93887448821,-1.17940363834,1.40911633802,0.663265845
SUYKJNWMTRUKVT7D3,0,-0.120134564552,1.98149775367,-0.352246668744,-1.29813259947,0.546775581284
3XTGEPPG7LMLK2RZ0,0,-1.25793185913,1.99703315101,0.117738353542,0.398600385839,-1.03249873649
JSF4J6KV23E2YZ811,0,0.792360763726,1.29407031422,-0.164163026965,-1.72310557016,0.48803668406
R917XSIOWK80A0FWT,0,0.0151237049067,-0.13997000654,-1.82703522834,0.0640637760165,0.569705467335
HSVAXXIK4UTOP5Z1T,0,0.548828680977,-0.15770438451,1.29071485742,1.7075557614,-0.265474203331
YH7X9ZP57AQBTITKY,0,-0.52302121298,-0.902695578021,0.588746640868,-1.27609952172,0.186475247338
BWOXPAN4JK9GIZCOD,0,0.11086171691,1.48359007528,0.691882243801,1.34237464742,-0.216849241999
L0F9HP2UF3ZZ2BIDI,0,-1.20771189997,0.152633840092,-2.31335593306,-0.142768583055,-0.0703657563789
8RQKE1XNKJR3HRF6W,0,-0.750285911429,0.828533414244,0.519199632048,-0.401636865237,0.923693163697
HWRH3DBAF49Q8HOVV,1,0.388025534823,0.836331879784,0.49914883962,0.537541537728,-0.417369846313
BUJW1AYJ2WT1LG4A0,0,0.560427470887,-0.672715260097,0.665347319919,1.94616939438,-0.56100583269
P26AI1L1B4ELX8XDD,0,0.325643424461,-0.926223626021,-1.31942844444,1.02926914256,1.56973268771
PWF40DWP0VYL967L7,0,-1.16849234367,-0.0447271980859,1.11517500292,-1.27152379312,0.198131667085
OLQXO3DC8XT614EM4,0,-1.3729461442,0.862466985479,-0.701940871106,0.438852840879,0.535096062932
VZNQCEWKE5L2QL59R,0,-0.325272102196,-0.564425827263,0.864573647035,0.343872706042,-0.465641809901
XEUNL8XYKGY02NV65,0,1.0412328059,0.912656627796,1.1448611395,0.744245082494,0.17987336207
IMNV2E5AKNUTRIQF7,0,-2.34441975875,-0.257301370323,0.285416035948,0.739646141254,0.143247272356
YPFA31LYN58QOSFY1,0,2.26498536857,-0.105374083082,-0.262358967431,-0.868205618164,0.725657977217
L1TTCARPPLYP873KN,0,-0.195808629105,-0.408463480924,1.91463991894,-0.261642268047,-1.06734820354
IS6BS7XWEEM8IWHMP,0,-0.101325706516,-1.63967867363,1.31666846205,0.930775597145,0.119186898569
2FJGD37GBAF2ZO6YQ,0,-0.11906642775,0.921268658375,0.168155535624,0.520082255118,-0.291257537149
H0SNYBLIXHUZQMDQC,0,0.616435463152,-1.09039944169,0.768358094429,-1.13760103266,0.340980897806
ZJVZKFQCJEYH4DB1J,0,0.870207720066,-1.05198212552,2.25345045396,0.0706080173089,-0.410572389851
IVZ28PL55GDV62U3M,0,0.468458848141,-0.786435788396,-0.620969262294,0.272947250687,-0.667878762904
S6FZAGVTITP7LOU1H,0,-1.96438013284,0.839643343159,-0.677383482949,1.92476297752,-0.146326285528
FZYTIPHZ08XOQQQZK,0,1.78171617844,-1.40842674362,-0.456875092103,0.336213017153,-0.464142560931
D9RFKEY91HWNMGSWE,0,-0.269383342585,-0.403316998765,0.503717059637,-0.00411862487648,-0.185037094336
Y0LJE59ZKUU9PPG9W,0,0.384705392414,0.624478376639,-0.51132045579,-0.0868923034605,-0.107729848165
PV64DGOTD2IZ7J1OZ,1,1.23224125545,0.586679458876,-0.0245262484065,-0.538784645454,1.01892439057
C6695YKXKUQ1WDUNB,0,-0.394918646943,0.853929536061,-0.237444848821,-2.07625440216,-0.199681046878
0M6VHXX9NTLFHKQ7M,0,1.05027611416,1.36935008668,1.83912398483,-0.136854121349,-1.02505408995
9D5DKYUXZH5Z338X8,0,0.0278180291545,-0.121562963936,0.0697701372451,0.702561873373,0.987051019329
RTPC7WKOB321J55CT,1,-1.22138706431,-0.714972590223,-1.01508987113,-1.2791276593,0.173691479177
K4PUKWWGB9N0WY013,0,-1.13091408914,1.70262152875,-1.5086610286,1.19496202185,-0.344026078112
VKYK6U57V030B67XC,0,-2.74437329182,0.412988187487,-0.444326914524,-1.26365378249,2.95693140297
1MVQD1RV1LQ44FTZ0,0,-0.293985877575,0.163385072423,0.973055198166,-0.0248546686793,-0.0949489438006
QAUJ4C5R698DF6ST7,0,-0.648123612023,-0.663173439633,1.49443666222,0.438580495065,-0.0947422536297
2FP2ZC1JM3UE1UFL9,0,1.33764843564,1.42008400002,-0.161109557004,0.884273470335,0.0539006080611
YB952XSP48LESCVI9,0,-0.00698042053146,1.12520328317,0.725321055624,0.0610468774998,-1.45669122299
0U6D68XI2LQW4SFY6,0,0.408012229338,-0.0309235429763,0.132757095472,1.61042339444,-0.242316721756
9RNNJUE6TAZCS5R9N,0,0.531648879158,0.610782786142,0.552791583633,3.03867178068,-0.431540276592
COFZ1IG1YP9JXBEVY,0,0.502258183767,-0.556561745497,1.33552965612,0.112634692935,-2.02160445989
ZMTL7GRPQJ7VE728H,1,-0.0107581985226,0.465501627436,0.534564595551,-0.307752254387,-1.05613587163
9GHDGE3QIDFA8ZQJU,0,-0.913325640704,-1.35873034686,1.32343990341,-1.05865285604,-1.60298341702
OG2ZLV5TAFKE56AZN,0,0.0470749995673,-0.548317954954,0.414907453555,-1.12309203168,-1.21407845389
8AU01NYR0NOD0H49Q,0,-0.333502630543,0.448425884569,-0.454198943051,0.872813567329,-0.150949563576
ITO5X7KJS9YP3DE5N,0,0.212926304711,-1.74054971909,-0.63393202826,-0.438105113777,-1.47008415797
SJA4NV9NS9CB28T9K,0,-1.22434429446,1.6681356955,-1.53621755471,-1.28973804484,0.749455593076
D1U1M6PFTI42LQ6II,1,1.49819140888,1.06132053623,1.63457025696,1.69056190327,0.00566187445609
MZNWB1UVEK88I43H6,0,-0.758980585706,-0.10608275,0.652422169233,0.834463169012,-1.49820443685
4AIW7N7P5IAQKPSQU,0,-0.966043109681,-1.14002213675,-0.680032113769,0.972827562137,1.52044853857
1UFK18KOMUE1WPO0B,0,2.19054931213,0.173381305509,-0.788414628916,0.148840891111,0.598639567859
PNHX6QKZ5AAOKQQLR,0,0.106693835183,-1.17453438299,-0.569925620224,-0.994845671657,0.160918251935
J085XSA7D686PR40I,0,0.624435224951,0.574807173636,1.68541624314,2.49260853093,-1.18125753733
LLDAHR4L4VO3KV7X6,0,0.358281917161,2.16327080515,-1.24619505513,0.0918502669842,1.12651438883
B8SOMQ0YNE2S7A986,0,1.02810611061,1.18819746087,-0.135652816652,1.34954555236,0.111754672358
UTKL7OB61UQ1J4RAV,0,0.639272371085,-2.34556242326,0.924923618303,-0.531801933349,-0.122258579669
D32A0AXZTLBKDWBXH,0,0.169527558288,0.285470317365,0.196747858642,-0.918193811101,0.624837335964
K7L274PWZ6I881FUV,0,-0.543319546459,1.46137042814,1.16634419459,-1.42167989523,1.69989679752
A7M3F2QMQKCLVWG1U,0,-0.33612141481,-1.80277804681,-1.74430182252,-1.3355198583,0.596651162533
82TFJF290X8EVQ1YP,0,-0.17673633095,0.573971045746,0.4435037896,1.39464635276,-0.258161209492
CON97C5A349ADATCP,0,-0.287152591582,0.631095141847,-0.700179548896,-0.0459106027647,0.490930423241
9B4GC4KQ4DRBLC8WB,1,1.37006737947,0.513594554942,-0.642719809707,-1.47213640033,0.572735100392
2JYTIBIU7TOFEMP97,0,-0.0835936112961,1.76780299061,-1.59402548364,-0.00643999450501,0.813319775712
VBEL3Y3GICDQEXJBK,0,-1.80759991559,0.154017387969,-0.186828770348,-0.250500128604,-0.397592199475
D9KQRUPX8G7QOAT7T,0,-1.51107170955,-1.25047167359,-0.445818571098,1.7930508034,0.00417765800652
K0RP9I59W68PTU26Q,0,0.566844518815,-1.50094186918,1.14555547543,-1.19232537614,0.449788403869
FMQ47PNBU5EI8FQTY,0,1.26550833428,-0.766209614443,-0.426919469366,-1.16576381521,0.245238428501
2Y2FQAX4HIJM5P3Z1,0,-0.300498241403,2.26999626451,0.287852975017,1.0566841941,3.08992992492
A5613FQOF56DVWBOT,0,-0.731120019161,2.28220722557,0.69269328882,0.725686534623,0.901392763484
JJUS4CGOBF3NM2M1X,0,-1.01115548266,0.965187985316,1.19057830583,0.205764686102,-0.307046798578
UE1OCU1BVU0FOJASR,0,1.7156989495,0.397403603215,0.368043981177,-1.49316676975,1.54591273197
X496HCWIZY5IW1X3X,0,0.74180119193,-1.32376025777,-1.23002682127,1.04800708749,-0.973456635609
S7OWBL051W4M538Q9,0,0.777655492164,1.23526095847,-0.442843718874,1.3635176659,0.14172646137
DK8XYU9OQ2N4BQADU,0,-0.644051265818,1.55544350859,-1.28073609656,0.760651174329,0.937750738209
APCTP2CS3KVMV4V9K,0,1.03082867498,1.50466758895,-0.246677054675,-0.578578977959,-1.53240681459
BWYV10MXX47QOGJA1,0,-0.526210422755,-0.0170820192976,-0.130344628785,2.93123040297,0.854267274517
7Z62WYNTP10PA9GML,0,0.545122067877,-0.470398850013,0.0561581585286,-0.946072066941,0.51103176469
FUJMA3SUCWCSDIGNU,0,1.89900273231,0.367678120791,0.910738404697,1.33841351192,-1.22325208194
WXVH0F8YF2082YU1L,0,-1.29469418015,-0.642316833208,-1.21323534042,-0.808355516098,1.77427568958
8OIIRV3S4PW84FQUD,0,0.297776119609,0.587838194664,-1.55522979365,-0.0571070321111,0.468895634509
JYNVDWPKHY6RRL5T8,0,1.50388238068,2.14357899896,0.665435865213,2.81355055438,0.762469122238
WLQRF53VSPYACUHOA,0,-0.118707920509,-2.44816785321,1.21111289133,0.704907868771,-0.82090577859
RTNA96HJ54M7Z6TSH,0,1.96380336873,0.909118599193,0.291334868866,0.389430985016,-1.23766964864
OXAI0X7BC237E6FMK,0,0.803928265647,0.0232364878477,1.36428628578,-0.215012058427,-1.15224351914
P0QPSJ13BO8935U7F,0,-1.32859431632,1.29543206875,-0.187322630566,-0.114081575012,-1.28593993908
K7KMMY42ZQE0VWCM0,0,0.308289176763,-0.188896156991,1.04998371575,1.69884313346,-1.60314058948
ESCI36A1VH45ZEGLR,1,0.726825199815,-1.22054031297,0.23616002081,-0.633367005719,-0.274985096431
9WKVMF1Y89GDKLY9T,0,-0.712859495189,-1.2515094853,-0.0921688753437,-0.432382266383,1.09257044145
ENJJV5C8YR3HS0K48,0,0.177308380227,-0.227115759798,1.2479673843,-1.35671226099,2.18357590732
JUFYPHU94XEBWBY3G,0,-0.926113805644,-0.514583746748,-1.56090040182,0.778393449507,2.27946875889
63U7JKBEQ9Q8ESN0G,0,-0.458081803144,-0.0146474257075,0.951802841185,0.403345473931,-0.476215683783
B5VFH6XH0X9QY8HJX,0,-1.86928970889,1.2568836313,-0.242745355427,0.673376387144,0.102677234792
PWHNOGYK4UJG15MHU,0,-2.41537729049,-0.428309996473,0.626265311535,-1.95473213252,0.473031471331
DOZRL5TSLLKR5PJ1F,0,0.321125387615,0.603534221944,-0.165671470612,-1.67117084421,-0.830272710177
2ZENFAQM2L1G6US27,0,-0.588516396505,0.272660529575,0.369950293486,-0.158874044504,-0.771566936004
G9MMONRMHFUCPWL39,0,0.0403183528773,-2.04435576096,0.629900368382,-1.05252050449,2.05531823466
C7JZ9WRUJD6AHGVYS,0,0.692286006829,0.703820765461,-1.61209088696,1.50420972897,-1.03904823867
K8SOA2HZL7MRTIUU7,0,0.465384982957,0.421659252443,-0.070571643769,-0.953147313524,1.00459487539
W2TG1Q29HV851KCH0,0,0.919601624858,0.979411714303,0.215633022155,-0.86537311882,0.462586259116
Z3XUES1MC4VX6QBEH,0,-1.62118561975,-0.664467130528,0.324590896072,-1.59918410662,-1.94828030216
DL24H1218Q4SQNH2H,0,-0.903392624209,0.0567517588475,-0.634532028118,2.02389661695,-0.103238516913
DODH4AR2AB0T8S6SZ,1,-1.28293065064,-0.0918970306344,1.08976009049,0.326208056462,-0.188466583633
ML2TZXOF2GOP4F9QO,0,-1.740579417,-0.621045385887,1.87842846181,-1.18541645329,-0.775500519682
11SHJNYHRTL17L93R,0,0.65610698039,-0.407473015073,2.0718832897,-1.10339406586,0.516839723909
M27R8NAJH9E9A47NU,0,-0.700905646664,0.287069485495,-1.33457486192,-0.0274053580084,0.704484730364
R53XOF4R0MLDTJMT9,1,1.06237780675,0.585489589256,1.44056944648,0.541137159524,0.244079253165
M7FRARCYDSHG6BVT2,1,-0.218206736059,0.0934658386183,-0.365841934958,-0.629869860611,-0.544023144187
F75ASCUTCZVYIOHFR,0,0.586650383315,1.21237098438,-1.37503466598,0.223452524548,1.64054251332
I0GGCKOAXP5R47E5G,0,-0.111089285297,0.274073814177,-0.227079482927,-0.437163601931,-0.597050078132
79CNCRZA8Q5RLP1MS,0,-0.104359325794,-0.0261625597033,0.743387283975,1.56817875613,-0.75495991465
HU1469NXVNJC09XTH,0,-0.794404160659,-0.144814423238,1.53883103109,0.642225028189,-1.09183977325
R3MZPDQCJOEENM7WH,0,1.2892475425,1.03646758761,-0.533551849439,-0.983811786286,0.250168674621
WY607WF8WLRNHABBM,0,0.0227705112537,1.03190139591,-1.51575596509,1.1992242397,0.86981044926
LOFR2T09YHW0DCZIU,0,2.61953794983,1.43519597141,0.682913473994,-1.65039979337,0.787979142388
OC511FDOMBQTFTC1K,0,-0.170978468347,0.538689563845,0.609644239051,0.00865754791752,-0.367672360084
RVDN8BE85A7KSXKIR,0,-0.262862753983,0.217425055664,1.68134947596,-1.23386812879,-0.661232694197
VWKK4XAGUV0P5ANNE,1,0.426748324459,1.33149389199,-1.11187248675,0.336630478942,-0.275685496675
EHA7JMZ5YD7GT7KP7,0,-0.0221383169302,1.71999231352,0.528602909741,1.45047869963,1.94415928812
0Q6F7SSO4QS8HIU2K,0,0.207948303257,-0.368113873863,-0.639248324427,-1.68193862798,-0.826259187556
LAN36IOT6IBXKHYFF,0,-1.13477355003,0.583606370896,-0.862259940226,0.156529213352,-0.328847851477
A9WXNSP6IGOBW2CYG,0,-1.07721491984,0.554367536278,0.587910260387,-1.47092411697,0.0829673635664
KSVG2CWRGE6TZRJN3,0,0.168445720597,-0.874420837634,1.06589915666,-1.06969777711,1.06144977199
BL7HSJFFDUV8FFF5W,0,-2.21301504669,1.79220958207,-1.57477206439,1.90673767822,-0.0707041483119
HOFBFYCCZTNMVVTS4,0,-0.257272262635,0.0167246853772,-0.0698335447021,0.753936164792,1.46423020817
Q2EHS5BOJ3VZ963BN,1,0.58559915381,2.18705122426,0.9408724223,0.743041146114,1.30777069171
J49DDO2HO4HQX6JYA,0,2.33645369288,-0.585892225669,0.657608658903,-0.525965485596,-0.329604725544
MI0CREGXTNQ0UKYQ1,1,0.103866832143,-0.244827889536,-1.42352997103,1.17384022471,1.28000060482
2E1FNQ3CSVC4X4IUB,0,-0.927263723927,0.22860120245,-0.292302146682,-0.485779630841,1.27773617589
CDA3KE6QHR670JKGP,0,0.389749095842,-0.391404254348,-0.985485295759,-0.198482799763,0.250257948594
HI01JT6DCM5HF8XOW,0,0.510261156461,-0.169712648244,-0.503096081734,-2.67892700761,0.836548709857
3LRLU2HM27PHQ5O3D,0,0.758360834163,0.130963656055,0.142486755698,-0.78693865358,1.59825811791
PMXNIZ9TS2MUX3I8Y,1,2.17724178654,-0.886653186429,2.04553021627,0.552579963598,0.78951277123
2WGYT7QNM3FT57ROY,0,-0.378841422216,0.377024407164,0.046964936235,1.1513760938,0.48763595362
KW18AR7YXGLE1I3YA,0,-1.44593036628,0.747080511637,0.75531040441,-0.591185122464,-0.498312054715
EIJIWIZ7HARX2825K,0,-0.0438916556411,-0.281706257224,0.754523082829,0.339820784607,-0.891844414777
SCI41VOCV20D2XSG7,0,-1.01371082269,0.529314835263,-1.33400268129,-0.992581629185,-0.355097144297
056Q5DZPLRKW8JGE9,0,0.30421489884,-0.34395161119,1.02373596959,0.33364143697,1.1179038738
FO8B7ZCLE95ZWOLWF,0,-0.899382607333,-2.2301798423,1.53955782236,-0.912869346209,-1.42636046232
ALN1FE0KJRBOF5KHM,0,1.04888720779,-0.381279842062,-1.40589569273,-0.308512207556,-1.01533221216
D39SCN6V8K8LFGJYE,0,0.430384701899,1.14870888348,-1.34644854559,-1.48443321923,-0.186024203857
A3EF02TUT9XXKOYO3,0,-0.110372080712,0.473884011712,-0.108375210418,1.24613924116,0.59312144082
U810Y2IFT4JNEBC8Q,0,0.859363972327,1.18629253746,0.740381554268,-0.208297463522,-0.0503287017659
PXFQ7O1ASR2MVHO3Z,0,1.00033612884,2.48883970471,1.79823544055,0.38644388082,-2.15708972569
Y90V7921Q9ILPAMKG,0,-0.260314186696,0.225212858498,0.135761820704,0.44943672637,1.46069019223
XYJLRC16604I6ZAUY,0,0.0227065736133,0.337337128987,0.347666324008,-0.665054203198,-0.994890052834
2JLZI4WP576NWICFA,0,-1.51444547966,-0.455590094492,1.53268969101,-1.67457990609,1.13324154646
4MFOKLET5GFWC3UR7,0,0.139128316577,-1.06445049752,1.5210319656,1.00863072179,0.889949873516
ER9RIMQZYIBY7Z8NB,0,0.862841101966,-0.134179884074,-1.10967721316,1.43412269567,-0.741397395691
1KXMJS9911G9MGULN,0,1.31889374509,0.822823272073,-0.967161458193,-1.55319992729,-1.20564804032
ODMSV198HAIH2POUY,0,-0.46770560977,0.409565775229,-0.909506972088,-2.09058871861,2.2578961568
KY88IM7M419Y1OZOI,0,0.0230162950886,-0.104002624089,2.17426139797,1.16097793904,-0.678633807648
YXUKX2BAE2N09GK89,0,0.36285502414,-0.269998542889,-0.104999960523,1.14301729087,-0.693611788393
9WD81C0G10YA0IE1M,0,0.519556978486,2.26824817144,-0.936157272432,-0.0807389132719,-0.20140962409
NGR9AWHNE7AGJJ0M6,0,1.59443550031,-1.31120279244,-0.748259963918,-1.15590240136,-0.976639920646
G5M5JTWKQ4IX0B48T,0,-1.06632874146,1.09029938362,1.12784975056,-0.827800774472,-0.721238354325
GF7GLRVOPDFFB6QDF,0,0.655977711672,-0.474738616347,-2.54483799719,0.00766698891012,-1.05475006037
ZL5M9U6XI0ZDQ66A8,0,0.659222251211,0.734793230952,0.506891059493,-0.594474005584,-0.724863280896
5PBPL569P0G91IVER,0,-1.2906136099,1.45104161732,-0.956593732896,-0.125814402234,-0.107525398803
3I7DDSD96CCYTTPXI,0,-1.04071231611,1.0755044324,-0.76155329475,-0.123712115967,-0.0630988676946
TG0025O7PV7U82OBD,0,0.844803649179,-1.11777217474,1.07487249309,-0.411129553411,0.775408808903
RBD65NJULK0K8ZDT0,0,-1.98603991659,-2.24989287479,-0.369199710855,-0.225418003673,0.0512560165997
J8P5PTC89ASI481FG,0,-0.085004046979,0.422651954945,0.862169436568,1.15159268434,0.480948701801
AVGNSCG15IU1N897Y,0,0.248519043961,-0.600291872789,1.85073799869,-1.30710466201,0.418485101361
MEZECJ5LX1DYSDIN8,0,0.363492276358,-0.170721022427,1.18185743558,0.424950387252,1.21514572723
04WJ2V0GUAV5W2ZK1,0,1.54358858018,0.623122400742,-0.0503677340744,-1.14153106195,0.207978943531
O1G1FH3DAZNBJ85NP,0,-0.035332171909,0.127472274361,-1.06063252339,-0.267847478688,0.0271083884478
9OWE41KQ1H5C0IWRS,1,-0.52075228414,1.29323571426,-1.24202127284,-0.214725265867,-2.0234210786
B97J59FIJ40HG9Q32,0,0.1333945279,-0.372004780965,0.515680106001,-1.15795191229,-1.85759359523
G3F4HN2HCXTJ6KXNM,0,-0.100922717503,-1.0542547975,-0.9197844329,-0.937088961983,-0.881763214961
AAII8JQ9YLNA8U5LY,0,-1.68662615386,-1.43619910999,0.882599327486,-1.37444508313,-0.376871227341
12M27ODEKGRAJFQRU,0,-0.130823495773,-0.0449819697507,0.372596037553,0.111669778957,0.337418485185
DTCSPBOO2P3Y2W1FV,0,-0.02777910011,0.957365093942,-0.605762979543,0.276145226453,-0.0983871543065
7OM95AMV4LJACMF4N,0,-0.255827130923,-0.131618271087,-0.773896896609,-1.76576879067,0.399226624748
V311HPHVD50CCTONM,0,-0.114673857928,0.431734504306,0.0362140937868,-0.612472818066,-0.679129490591
ZDOSEOTW5TQIJ9I9C,0,0.595412622938,-0.027455650959,-0.648302279956,0.45205474596,-1.93167490841
PTP4MPMWB8B33I45G,0,-1.90658285857,0.430544205708,-0.0456969018592,0.334181737279,1.36908195694
C4TMEJQZG5REVVG8J,0,1.19871191429,1.06707506316,0.303635146052,-0.654841507227,-0.0692490306638
2USMTX8TTY59X6Y30,0,-1.21845550407,-0.655464553435,0.824695867265,-2.24753363479,-0.541981139424
MKYELDIOC7FKNOVQG,0,1.90684252919,-0.667053801665,-1.575829464,-0.420521093024,0.876410425631
